titulo,contenido,fecha,fuente,url
"Emiliano Zecca: “Hoy parece una discusión tonta hablar sobre los daños a la salud del tabaco, pero la discusión se repite”","“Smoke” (1995) es una película dirigida por Wayne Wang, con el escritor neoyorquino Paul Auster como guionista. El título es ambiguo: puede referirse a cualquier tienda de tabaco, pero también sugiere la visión filosófica de sus personajes de moral gaseosa. Esa buscada imprecisión inspira también “El humo, la patria o la tumba”, novela de no ficción del periodista uruguayo Emiliano Zecca (Fray Bentos, 1985), que aborda la histórica demanda que la trasnacional Philip Morris entabló en 2010 contra Uruguay por sus políticas antitabaco.

MIRA: El primer accidente sobre dos ruedas en Lima y otros caóticos relatos del primer ‘boom’ ciclista en el Perú

Con notable profusión de datos, el libro muestra cómo estas empresas ocultaron y mintieron sobre las consecuencias del consumo y la adulteración de sus productos. Zecca cuenta la historia de las azafatas expuestas al humo de los pasajeros, a quienes les tomó treinta años demostrar su condición de víctimas. También analiza el papel que jugó la Organización Mundial de la Salud (OMS), que inicialmente buscó ponerse de lado argumentando neutralidad. Pero, especialmente, relata la lucha iniciada por Tabaré Vázquez, el primer presidente oncólogo en la historia del país, para erradicar el cigarrillo de los espacios públicos. Philip Morris denunció a su gobierno ante el tribunal internacional diez días antes de que Vázquez dejara el poder y fue José Alberto Mujica, su sucesor y correligionario en el Frente Amplio, quien asumió la pelea en un juicio conocido popularmente como “la lucha de David contra Goliat”.

Para Zecca, invitado a participar del conversatorio académico “Corte Suprema y Cultura Latinoamericana”, organizado por el Centro de Investigaciones Judiciales y la Secretaría General de la Corte Suprema del Perú, este libro no es un panfleto de activismo antitabaquista. “A mí lo que me interesaba era la historia y sus personajes. Eso me permite abordar el estigma de la muerte por el consumo de tabaco, pero también esa parte ambigua: la seducción alrededor del cigarrillo presente en la vida de las personas y las contradicciones en relación al placer y al goce”, afirma el periodista, que descubre las construcciones de la verdad y la mentira formuladas por los actores en esta pelea legal. Tras la lectura, queda claro que la imagen de David contra Goliat resulta corta. Zecca propone un símil más justo: el de la hidra, la serpiente a la que, cada vez que se le cortaba una cabeza, le nacían dos en su lugar. La aparición de nuevas formas de consumir nicotina como los cigarrillos electrónicos es prueba de ello. “Tras un siglo de debates, hoy parece una discusión tonta hablar sobre los daños a la salud, porque ya conocemos las consecuencias. No digo que los nuevos productos sean más o menos dañinos, pero la discusión se repite. Mientras David vencía a Goliat, por debajo pasaban otras cosas. El humo se va transformando; las empresas cambian de colores y de formas”, concluye.","Sun, 12 Jul 2026 22:45:00 +0000",https://elcomercio.pe/arc/outboundfeeds/rss/?outputType=xml,https://elcomercio.pe/eldominical/entrevista/emiliano-zecca-explora-en-el-humo-la-patria-o-la-tumba-el-caso-de-philip-morris-en-uruguay-tabaco-salud-noticia/
"Temblor en Colombia hoy, domingo 12 de julio: epicentro, magnitud y hora","¿Se puede predecir un sismo?

Actualmente, es algo imposible de determinar, pues el mismo planeta Tierra presenta una amplia dinámica respecto a sus movimientos, teniendo en cuenta que, no se trata únicamente de predecir cuándo va a templar, sino, poder determinar la intensidad, magnitud, profundidad y demás factores de importancia.

¿POR QUÉ HAY TANTOS SISMOS EN COLOMBIA?

Colombia está situada en la esquina noroccidental de Suramérica, donde confluyen las placas tectónicas Suramericana, Nasca y Caribe; una característica que explica el alto nivel de sismicidad en el país.

¿Se puede predecir un sismo?

Actualmente, es algo imposible de determinar, pues el mismo planeta Tierra presenta una amplia dinámica respecto a sus movimientos, teniendo en cuenta que, no se trata únicamente de predecir cuándo va a templar, sino, poder determinar la intensidad, magnitud, profundidad y demás factores de importancia.

Así ha temblado en Colombia en los últimos 15 días, del 26 de junio de 2026 a las 12:00 a. m. hasta el 9 de julio de 2026 a las 11:59

Las autoridades recomiendan revisar este kit cada seis meses y adaptarlo a las necesidades del hogar, especialmente si hay niños, adultos mayores o mascotas. En medio de la incertidumbre por la actividad sísmica reciente, la preparación ciudadana sigue siendo una de las principales medidas para reducir riesgos y proteger vidas.

¿Cómo activar la alerta sísmica de Google en Colombia?

Google utiliza el sistema 'ShakeAlert', una red de 1.675 sensores sísmicos para detectar temblores de terremotos. La aplicación analiza datos de los sensores para determinar la ubicación y la magnitud del terremoto.

Este es el paso a paso para activar las notificaciones de sismo según el soporte de Google:

Abra la configuración del teléfono.

Presione 'Seguridad y emergencia' y luego 'Alertas de terremotos'.

Si no encuentra 'Seguridad y emergencia', presione 'Ubicación' y, luego, 'Avanzada', posteriormente, seleccione 'Alertas de terremotos'.

La aplicación gratuita analiza datos de los sensores para determinar la ubicación y la magnitud del terremoto.

Así mismo, las autoridades recomiendan conocer los riesgos de la zona donde se vive, identificar rutas de evacuación y reconocer los espacios seguros dentro del hogar o lugar de trabajo. Estar preparados ante una emergencia puede reducir significativamente el riesgo para usted y su familia.

También es importante preparar a los miembros del hogar y a la comunidad, participando en simulacros distritales o ejercicios internos organizados por los barrios o conjuntos residenciales. En situaciones de sismo, mantener la calma es fundamental para evaluar el entorno y tomar decisiones acertadas.

Después de un temblor, se recomienda verificar el estado de salud propio y de los familiares, asegurándose de que todos se encuentren en condiciones óptimas y prestando atención a posibles daños estructurales.

¿QUÉ DIFERENCIA HAY ENTRE TERREMOTO, TEMBLOR, SISMO Y MOVIMIENTO TELÚRICO?

En realidad, los cuatro términos son sinónimos, pero en Latino América se le ha dado especial énfasis a la expresión terremoto para ser asignada a los sismos destructores o que han causado víctimas.​​

¿QUÉ ES EL SERVICIO GEOLÓGICO COLOMBIANO?

El SGC una entidad centenaria de ciencia y tecnología adscrita al Ministerio de Minas y Energía, que tiene como objetivo contribuir al desarrollo económico y social del país, a través de la investigación en geociencias básicas y aplicadas del subsuelo, el potencial de sus recursos, la evaluación y monitoreo de amenazas de origen geológico, la gestión integral del conocimiento geocientífico, la investigación y el control nuclear y radiactivo, atendiendo las prioridades de las políticas del Gobierno Nacional.","Sun, 12 Jul 2026 22:33:52 +0000",https://elcomercio.pe/arc/outboundfeeds/rss/?outputType=xml,https://elcomercio.pe/respuestas/colombia/temblor-en-colombia-hoy-en-vivo-ultimo-sismos-11-y-12-de-julio-2026-reporte-de-magnitud-epicentro-y-hora-segun-sgc-servicio-geologico-colombiano-santander-co-lbposting-noticia/
"Temblor en México hoy, domingo 12 de julio: magnitud, epicentro y hora","Regiones Sísmicas en México y sus clasificaciones

Para gestionar adecuadamente el riesgo, diferentes instituciones oficiales han desarrollado clasificaciones de zonas sísmicas con base en criterios específicos.

Entre las principales, se destacan el Centro Nacional de Prevención de Desastres (CENAPRED) y el Servicio Sismológico Nacional (SSN), que ofrecen enfoques complementarios para evaluar y preparar a la población frente a los sismos.

¿Cómo prepararse para un sismo en México?

El gobierno de México recomienda realizar simulacros regulares, como el simulacro nacional de sismo que se realiza cada año el 19 de septiembre. Estos ejercicios son una práctica esencial para saber qué hacer durante un sismo, cómo evacuar de manera segura y reconocer las regiones y áreas de menor riesgo.

Además, se recomienda contar con un seguro contra sismos, especialmente en zonas de alto riesgo, para proteger la inversión en propiedad y reducir el impacto financiero en caso de un desastre.

¿Cuáles han sido los sismos más fuertes registrados en México en la historia reciente?

Entre los más fuertes destacan el sismo de magnitud 8.1 de 1985 en la costa de Michoacán, el de magnitud 8.2 del 7 de septiembre de 2017 en el golfo de Tehuantepec y otros eventos mayores a magnitud 7 en el Pacífico mexicano.

¿Cuáles han sido los sismos más fuertes registrados en México en la historia reciente?

Entre los más fuertes destacan el sismo de magnitud 8.1 de 1985 en la costa de Michoacán, el de magnitud 8.2 del 7 de septiembre de 2017 en el golfo de Tehuantepec y otros eventos mayores a magnitud 7 en el Pacífico mexicano.

¿Cómo se detectan los sismos?

Al propagarse la ondas sísmicas provocan el movimiento del suelo por donde pasan. Para registrar estos movimientos se utilizan equipos denominados sismógrafos o acelerógrafos, cuyo principio de operación, basado en la inercia de los cuerpos, consiste de una masa suspendida por un resorte que le permite permanecer en reposo por algunos instantes con respecto al movimiento del suelo. Si se sujeta a la masa suspendida un lápiz que pueda pintar en un papel pegado sobre un cilindro que gira a velocidad constante, se obtiene así un registro del movimiento del suelo o sismograma.

Los sismógrafos modernos utilizan este mismo principio de operación, solo que para su implementación utilizan componentes mecánicos y electrónicos para obtener una senal eléctrica proporcional al movimiento del suelo, la cual puede almacenarse en forma local o ser transmitida por algún medio de comunicación (teléfono, radio, satélite) hasta un centro de adquisición.

¿Cuál es la función de la alerta sísmica?

En México, un sistema de sensores especiales vigila el movimiento de la tierra. Está formado por cientos de sensores sísmicos repartidos cerca de las costas y otras zonas con actividad tectónica. Estos sensores detectan las primeras señales de un sismo y, si cumplen ciertos criterios, activan la alerta. El sistema principal del país se llama SASMEX (Sistema de Alerta Sísmica Mexicano), y su función principal es dar aviso anticipado para proteger vidas y bienes.

Finalmente, se está revisando cómo el SASMEX® además de la Ciudad de México, Toluca, Ciudad de Oaxaca, y las ciudades de Acapulco y Chilpancingo en Guerrero, difunda avisos de alerta sísmica a otras ciudades debido a sus densidades de población, desarrollo urbano y cercanía de las zonas de peligro sísmico mexicano.

¿CUÁL ES EL SISMO DE MAYOR MAGNITUD QUE SACUDIÓ LA CIUDAD DE MÉXICO?

El 19 de septiembre de 1985, la ciudad de México experimentó un devastador terremoto de 8.1 en la escala de magnitud, con su epicentro en la costa del Pacífico. Se estima que al menos 10,000 personas perdieron la vida, afectando y derribando miles de estructuras de vivienda, comercio y de servicios públicos.

¿CUÁNTO DURA UN SISMO Y POR QUÉ EL SSN NO REPORTA ESTE DATO?

Cuando hablamos de duración de un sismo nos podemos referir a varios conceptos diferentes: Una es la duración del movimiento percibida por el ser humano, otra la duración del registro instrumental (puede ser incluso de varios minutos) y otro es el tiempo que duró el movimiento de la falla que originó el sismo (que puede ser de unos cuantos segundos).

¿CUÁL ES LA DIFERENCIA ENTRE LA MAGNITUD Y LA INTENSIDAD DE UN SISMO?

Son escalas para medir el tamaño o el impacto de un temblor. La escala de magnitud se obtiene de forma numérica a partir de registros obtenidos por sismógrafos y está relacionada con el tamaño y la energía liberada durante un temblor. La escala de intensidad se asigna en función a los daños o efectos causados al hombre y sus construcciones.","Sun, 12 Jul 2026 22:32:21 +0000",https://elcomercio.pe/arc/outboundfeeds/rss/?outputType=xml,https://elcomercio.pe/respuestas/mexico/temblor-en-mexico-hoy-en-vivo-del-11-y-12-de-julio-via-el-ssn-y-ultimos-sismos-epicentro-magnitud-y-hora-servicio-sismologico-nacional-mexico-cdmx-mx-lbposting-noticia/
"Temblor en Venezuela hoy, domingo 12 de julio: sigue los reportes de los sismos","¿Cada cuánto tiempo se debe revisar el kit de supervivencia?4

Se recomienda revisar la mochila cada 6 meses para verificar la fecha de vencimiento de los alimentos, el agua y las medicinas, así como el estado de las pilas.

¿Se puede predecir un sismo?

Actualmente, es algo imposible de determinar, pues el mismo planeta Tierra presenta una amplia dinámica respecto a sus movimientos, teniendo en cuenta que, no se trata únicamente de predecir cuándo va a templar, sino, poder determinar la intensidad, magnitud, profundidad y demás factores de importancia.

En La Guaira, considerada la zona cero del desastre, los damnificados se instalaron en estadios, canchas, plazas, incluso aceras, donde voluntarios brindan atención médica y les donan alimentos.

El gobierno interino contabiliza 17.907 personas sin vivienda por los destrozos. Más de 800 edificaciones resultaron afectadas, de las cuales 190 sufrieron colapso total, según datos oficiales.

Desde que el pasado 24 de junio dos terremotos de magnitud 7,2 y 7,5 sacudieran Venezuela, dejando al menos 1.700 muertos y miles de heridos y damnificados, la tierra no ha dejado de moverse en el país sudamericano.

¿Cómo se debe ordenar la mochila de emergencia?

Una vez que se cuenta con todos los elementos imprescindibles, llega el momento de ordenarlos dentro del bolso comenzando con lo que se tardaría más tiempo en usar; por lo general, el impermeable, la ropa y el mechero, suele ser lo que se guarda primero para que esté al fondo de la mochila y, así, otros elementos como el agua, el botiquín de primeros, e incluso la comida, pueda estar más al alcance.

De ser posible, los documentos deberían guardarse en un compartimento aparte que solo se abra en caso de necesitarlos, mientras que en bolsillos más visibles y cómodos, se deberían dejar las herramientas como la linterna, la radio, la navaja y el espejo.

¿CUÁLES SON LAS PLACAS TECTÓNICAS QUE SE ENCUENTRAN EN VENEZUELA?

La placa del Caribe es la zona geológica que abarca Centroamérica y el mar Caribe, mientras que la placa sudamericana sostiene casi toda la zona de América del Sur y parte del lecho del océano Atlántico.

Ambas placas interactúan principalmente en el norte de Sudamérica mediante deslizamientos laterales y zonas de subducción (límite convergente donde una placa mayor se hunde bajo otra más ligera hacia el manto de la Tierra).

¿QUÉ ES EL SILENCIO SÍSMICO?

El silencio sísmico es un período prolongado sin actividad sísmica importante o de significativa intensidad en una región, que puede indicar la acumulación de tensiones tectónicas y un aumento en el riesgo de un futuro terremoto.

¿QUÉ HACER EN CASO DE UN TSUNAMI?

Si recibes información oficial de alerta o alarma de tsunami o ves que se recoge el mar, evacúa hacia zonas en altura. Muévete hacia una zona libre de inundación y dirígete al punto de encuentro más cercano. Si no puedes llegar hasta una zona en altura, sube a un piso superior o al techo de una construcción sólida.

¿CUÁL ES LA DIFERENCIA ENTRE LA MAGNITUD Y LA INTENSIDAD DE UN SISMO?

Son escalas para medir el tamaño o el impacto de un temblor. La escala de magnitud se obtiene de forma numérica a partir de registros obtenidos por sismógrafos y está relacionada con el tamaño y la energía liberada durante un temblor. La escala de intensidad se asigna en función a los daños o efectos causados al hombre y sus construcciones.","Sun, 12 Jul 2026 22:28:18 +0000",https://elcomercio.pe/arc/outboundfeeds/rss/?outputType=xml,https://elcomercio.pe/respuestas/venezuela/temblor-en-venezuela-hoy-en-vivo-segun-el-finvisis-y-ultimos-sismos-del-11-y-12-de-julio-de-2026-proteccion-civil-caracas-la-guaira-lbposting-noticia/
Pedro Castillo presenta dos nuevas solicitudes para acceder a una gracia presidencial: ¿Cuáles son los argumentos que utiliza?,"El expresidente Pedro Castillo- a través de su abogado Walter Ayala- presentó el último 6 de julio dos nuevas solicitudes de gracia común, a fin de dejar sin efecto la condena de 11 años y cinco meses de prisión que cumple por el golpe de Estado del 7 de diciembre de 2022 y también la orden de prisión preventiva por los presuntos actos de corrupción en la licitación del puente Tarata.

En el expediente sobre la sentencia en primera instancia por conspiración para la rebelión, Ayala argumentó que el artículo 118, inciso 21, de la Constitución habilita al presidente de la República a ejercer el derecho de gracia en beneficio a los procesados, cuando la etapa de instrucción haya excedido el doble de su plazo (24 meses) más su ampliatoria.

En ese sentido, el exministro de Defensa indicó que el 16 de diciembre de 2024 debió ser la fecha máxima para que su patrocino reciba una condena firme.

Ayala indicó que la sentencia en primera instancia contra Castillo Terrones no es relevante, porque no es una decisión firme.

“La sentencia impugnada puede ser confirmada, reformada, anulada o revocada; por ello, la presunción de inocencia conserva eficacia procesal y la acción penal permanece abierta”, agregó.

Lee también: La influencia de Pedro Castillo en las bancadas del Congreso bicameral: La interna de Juntos por el Perú

No obstante, fuentes del Ejecutivo indicaron a El Comercio que, a raíz de la condena al exmandatario por conspiración para la rebelión, se colige que la solicitud no cumpliría con el supuesto de la recomendación del derecho de gracia común. ¿La razón? El proceso contra el profesor ya superó la etapa de investigación preparatoria.

Sobre el fallo que dictó prisión preventiva contra Castillo por el Caso Tarata y otros, las mismas fuentes indicaron que al ser investigado por presunta organización criminal, el Ministerio Público tiene mayor plazo para realizar la pesquisa. Por ejemplo, de acuerdo al artículo 342, numeral 2, del nuevo Código Procesal Penal, cuenta, inicialmente, con 36 meses.

Y este plazo se puede prorrogar por 36 meses más, si es concedido por el juez de investigación preparatoria. Agregaron que, en el caso del expresidente, la exigencia del artículo 118 de la Constitución, invocada por la defensa del docente, recién se podría aplicar a partir de marzo de 2032.

El 25 de junio último, la Comisión de Gracias Presidenciales recibió una solicitud similar a la presentada esta semana por Ayala. El ciudadano Tomás Soldevilla, utilizando los mismos argumentos del exministro de Defensa, solicitó que se le dé a Castillo Terrones una gracias presidencial común.

En ese momento, el abogado constitucionalista Aníbal Quiroga explicó a El Comercio que ni el pedido de indulto ni el de gracia presidencial común cumple con los requisitos.

“Ninguno de sus procesos cumple con el requisito de que su proceso dure el doble del plazo más su prórroga, entonces, tampoco está en el supuesto de la gracia, en cuyo caso no califica para la gracia”, manifestó entonces.

Lee también: Exprimiendo el poder

La respuesta de Torre Tagle a grupo de la ONU

De otro lado, el Ministerio de Relaciones Exteriores, a través de un comunicado, indicó que la opinión emitida por el Grupo de Trabajo sobre la Detención Arbitraria del Consejo de Derechos Humanos de las Naciones Unidas sobre el expresidente Pedro Castillo “no constituye decisión jurisdiccional obligatoria” y no producen por sí misma, “efectos directos en el ordenamiento jurídico interno”.

“Por tanto, no modifican las decisiones que adopten las autoridades nacionales competentes”, remarcó.

Torre Tagle, además, precisó que el referido grupo de trabajo está “integrado por profesionales independientes que, en el marco del mandato conferido por dicho órgano, examinan comunicaciones individuales y formulan opiniones y recomendaciones dirigidas a los Estados”.

El conjunto concluyó que la detención de Castillo Terrones, tras su anunciado golpe de Estado, fue “arbitraria” y careció de base legal.

Lee también: Comisión de Gracias Presidenciales queda conformada: ¿hay riesgo de un indulto a Pedro Castillo?

Esta semana, en declaraciones a El Comercio, el presidente José Balcázar evitó adelantar si otorgará o no un eventual indulto a favor de Castillo, pero dejó abierta esa posibilidad al señalar que aún le quedan “varios días” al frente del Gobierno antes del cambio de mando del 28 de julio, cuando su sucesora electa, Keiko Fujimori (Fuerza Popular), asuma la jefatura del Estado.

“No tengo nada (de solicitudes ahora) pero tengo varios días por supuesto para esperar si presentan o no presentan (el pedido de indulto). Y si no, será con la nueva presidenta que se toque ese tema del expresidente”, manifestó.

Fuentes del Ejecutivo indicaron a este Diario que una eventual salida del actual ministro de Justicia Luis Jiménez Borra debe ser vista como “una señal de alerta” de que el indulto o la gracias presidencial común a Castillo va en serio.","Sun, 12 Jul 2026 22:25:00 +0000",https://elcomercio.pe/arc/outboundfeeds/rss/?outputType=xml,https://elcomercio.pe/politica/pedro-castillo-presenta-dos-nuevas-solicitudes-para-acceder-a-una-gracia-presidencial-cuales-son-los-argumentos-que-utiliza-noticia/
En qué consiste la estrategia “Vive Lima” para posicionar Lima como un gran destino urbano en Latinoamérica,"El Ministerio de Comercio Exterior y Turismo (Mincetur) estima que la estrategia “Vive Lima” permitirá incrementar en un 6 % la llegada de visitantes internacionales durante su primer año de ejecución. La campaña iniciará su promoción en Chile, Argentina, Ecuador, Colombia y Brasil, países que concentran cerca del 44 % del turismo receptivo que arriba al Perú. Con esta iniciativa, el sector busca fortalecer la presencia de Lima como un destino urbano de referencia en la región. Además del aumento en el flujo de turistas, el Mincetur prevé que la implementación de la estrategia genere un importante impacto económico para el país. Las proyecciones oficiales apuntan a que, en los primeros doce meses, se obtengan más de US$30 millones adicionales en divisas gracias al crecimiento de visitantes provenientes de estos cinco mercados. De esta manera, el Gobierno espera impulsar la actividad turística y dinamizar diversos sectores vinculados a esta industria.

Conoce lo que significa la estrategia “Vive Lima” cuya proyección traerá muchos beneficios a la capital y al Perú

La estrategia “Vive Lima”, impulsada por PromPerú, propone una nueva visión para la promoción internacional de la capital peruana, con el propósito de posicionarla como un destino urbano moderno, competitivo y de nivel mundial. La iniciativa busca fortalecer la imagen de Lima en los principales mercados turísticos, resaltando su oferta cultural, gastronómica y de entretenimiento como principales atractivos para los visitantes extranjeros. Durante la presentación realizada en el Estadio Nacional, el ministro Berthin Gómez señaló que esta propuesta representa un cambio en la forma de proyectar a Lima ante el mundo. El titular del sector explicó que la ciudad dejará de ser promocionada únicamente como el punto de partida hacia otros destinos del país y pasará a consolidarse como un lugar con identidad propia, capaz de motivar por sí solo la decisión de viajar al Perú.

El ministro explica lo que será Lima a través de este proyecto en un mediano plazo con una iniciativa turística

El ministro Berthin Gómez afirmó que Lima busca dejar atrás su papel como una ciudad de paso hacia otros atractivos turísticos del país para consolidarse como un destino con identidad propia. Según señaló, la capital peruana aspira a captar el interés de los viajeros internacionales por sus múltiples atractivos, convirtiéndose en el principal motivo de su visita y no únicamente en un punto de conexión hacia la Amazonía, Cusco u otras regiones. Asimismo, el titular del sector explicó que la estrategia “Vive Lima” reúne una amplia oferta de experiencias que incluyen gastronomía, cultura, litoral, eventos, compras y fútbol. El objetivo es incentivar a los turistas extranjeros a extender su permanencia entre tres y cinco días, impulsando así la actividad económica de la ciudad. Con ello, se espera generar mayores oportunidades para emprendedores, empresas y trabajadores vinculados al sector turístico.

¿Cuál es la novedad dentro de la estrategia de “Vive Lima” para el posicionamiento de la Capital para una mayor oportunidad?

Como parte de la estrategia “Vive Lima”, PromPerú viene coordinando esfuerzos con diversos actores vinculados al sector turístico para fortalecer la oferta de la capital. Entre los aliados figuran productoras de espectáculos, empresas de venta de entradas, operadores turísticos, asociaciones empresariales, organizaciones y clubes de fútbol. La finalidad es construir una propuesta urbana integral con capacidad para atraer a un mayor número de visitantes internacionales. Asimismo, la iniciativa contempla la puesta en marcha de la plataforma digital “Vive Lima”, un espacio que concentrará información sobre experiencias turísticas y la oferta comercial de los distintos operadores del sector. Esta herramienta permitirá a los viajeros planificar con mayor facilidad su estadía en la ciudad, al tiempo que contribuirá a reforzar el posicionamiento de Lima como uno de los principales destinos urbanos de América Latina.","Sun, 12 Jul 2026 22:24:50 +0000",https://elcomercio.pe/arc/outboundfeeds/rss/?outputType=xml,https://elcomercio.pe/respuestas/que/en-que-consiste-la-estrategia-vive-lima-para-posicionar-lima-como-un-gran-destino-urbano-en-latinoamerica-tdpe-noticia/
Desde esta fecha Migraciones volverá a emitir pasaportes en todas sus sedes,"La Superintendencia Nacional de Migraciones anunció que reanudará la emisión de pasaportes electrónicos en todo el país luego de la suspensión temporal del servicio. La medida fue adoptada debido a trabajos de mantenimiento en la plataforma tecnológica del Registro Nacional de Identificación y Estado Civil (Reniec), situación que afectó el normal desarrollo del trámite. La entidad precisó que el inconveniente no se originó en sus propios sistemas. Según explicó Migraciones, la interrupción del servicio impidió validar la información de los ciudadanos, un paso indispensable para completar la emisión del documento de viaje. Asimismo, informó que mantiene una coordinación permanente con el Reniec para restablecer la interoperabilidad entre ambas plataformas. El objetivo es normalizar el servicio en el menor tiempo posible y garantizar la atención de los usuarios en todo el territorio nacional.

Desde cuando empiezan a dar su funcionamiento en migraciones sobre todos los trámites al público en general

La Superintendencia Nacional de Migraciones informó que la emisión de pasaportes electrónicos será reanudada a partir del lunes 13 de julio, luego de superarse la suspensión temporal que afectó el servicio. Con esta medida, la entidad retomará la atención de los ciudadanos que requieren obtener o renovar este documento de viaje en las distintas oficinas del país. El objetivo es restablecer la atención de manera progresiva y con normalidad. Asimismo, Migraciones exhortó a la población a mantenerse informada únicamente a través de sus canales oficiales, donde se comunicarán las novedades relacionadas con la prestación del servicio. La institución indicó que cualquier cambio en los horarios, procedimientos o medidas complementarias será difundido oportunamente por estos medios, con el fin de evitar desinformación y facilitar la atención de los usuarios.

¿Cuál es objetivo de todo este procedimiento, según lo explica el superintendente Juan Alvarado Gómez?

El superintendente nacional de Migraciones, Juan Alvarado Gómez, explicó que la implementación de la nueva modalidad de atención responde al objetivo de facilitar el acceso de los ciudadanos al trámite de obtención del pasaporte. En declaraciones recogidas por RPP, el funcionario señaló que la iniciativa busca reducir las barreras de acceso y ofrecer un proceso más rápido, ordenado y oportuno para los peruanos que requieren este documento de viaje. Asimismo, la Superintendencia Nacional de Migraciones sostuvo que estas modificaciones forman parte de su proceso de modernización institucional. A través de un comunicado, la entidad destacó que el nuevo esquema permitirá brindar un servicio más ágil, eficiente y cercano a la ciudadanía. Con ello, espera optimizar la atención al público y mejorar la experiencia de los usuarios durante la realización de sus trámites.

Conoce cómo será el procedimiento de la atención en Migraciones desde hoy en todas las oficinas

Para tramitar el pasaporte electrónico, los ciudadanos deben contar con su Documento Nacional de Identidad (DNI) vigente y en condiciones adecuadas, además de presentar el comprobante de pago correspondiente por S/ 120,90. Así lo informó la Superintendencia Nacional de Migraciones. El pago del derecho de trámite puede realizarse mediante el Banco de la Nación, la plataforma digital Págalo.pe o directamente en las oficinas de Migraciones. En estos locales también están habilitados medios como Yape y los equipos POS para facilitar el proceso.

Este procedimiento rige en todas las sedes de atención, así como en los módulos ubicados en centros comerciales y en los espacios MAC. La medida se sustenta en el principio de atención preferente establecido por la normativa, beneficiando a las personas adultas mayores, mujeres gestantes y ciudadanos que realizan sus trámites acompañados de menores de edad.

Paso a paso para realizar el pago del pasaporte electrónico

Accede a la plataforma Págalo.pe desde cualquier dispositivo con conexión a internet.

Ubica y selecciona la opción correspondiente al trámite del pasaporte electrónico, identificado con el código 01810.

Ingresa la información solicitada y verifica que el comprobante de pago registre correctamente el número de DNI del titular del trámite o, en caso de un menor de edad, el del menor solicitante.

Efectúa el pago del derecho de trámite por S/ 120.90 utilizando una tarjeta de débito o crédito.

Una vez completada la transacción, descarga e imprime el comprobante de pago, ya que será un requisito indispensable al momento de realizar el trámite del pasaporte.","Sun, 12 Jul 2026 22:24:35 +0000",https://elcomercio.pe/arc/outboundfeeds/rss/?outputType=xml,https://elcomercio.pe/respuestas/tramites/desde-esta-fecha-migraciones-volvera-a-emitir-pasaportes-en-todas-sus-sedes-tdpe-noticia/
Shirley Arica le confiesa a Magaly Medina el verdadero motivo por el cual no tuvo una relación sentimental con Pablo Heredia,"En una reciente participación en el pódcast de la conductora Magaly Medina, Shirley Arica se animó a contar los motivos que la llevaron a poner fin al vínculo sentimental que mantenía con el argentino Pablo Heredia. La modelo peruana sorprendió al revelar que hubo un factor familiar que terminó siendo determinante para dar ese paso. Asimismo, recordó algunos episodios que marcaron el romance y explicó cómo ciertas actitudes del artista influyeron en el desenlace de la historia que ambos comenzaron tras coincidir en el reality ‘La Granja VIP Perú’. De esta manera, la influencer ofreció una versión mucho más amplia sobre el final de una relación que despertó el interés de miles de seguidores desde que se hizo pública. A continuación, te contamos qué compartió Shirley Arica.

¿CUÁL FUE EL VERDADERO MOTIVO POR EL QUE SHIRLEY ARICA DECIDIÓ NO CONTINUAR SU RELACIÓN CON PABLO HEREDIA?

En diálogo con Magaly Medina, Shirley Arica explicó que la postura de su hija fue decisiva para alejarse de Pablo Heredia. La modelo contó que la adolescente nunca estuvo de acuerdo con la cercanía que mantenía con el actor argentino debido a comentarios que él había realizado anteriormente sobre ella.

Según recordó, su hija incluso le expresó su desconcierto diciéndole: “Mamá, no entiendo cómo tú puedes hablar con Pablo”. Esa conversación hizo que comenzara a observar la relación desde otra perspectiva y reconsiderara aspectos que antes no había valorado con la misma importancia.

¿QUÉ OPINABA LA HIJA DE SHIRLEY ARICA SOBRE PABLO HEREDIA?

Arica reveló que su hija fue muy clara al expresar el rechazo que sentía hacia el actor. Cuando la modelo intentó justificar que seguían viéndose por proyectos laborales, la respuesta de la menor fue contundente. “A mí Pablo no me cae y no me cae por el simple hecho de que él se ha expresado mal de ti”, recordó Shirley durante la entrevista.

Esa sinceridad terminó teniendo un fuerte impacto en la influencer, quien comprendió que la percepción de su hija estaba basada en situaciones que consideraba difíciles de pasar por alto.

¿QUÉ CRÍTICAS HIZO SHIRLEY ARICA SOBRE LA FORMA DE SER DE PABLO HEREDIA?

En la conversación con Magaly Medina, la ganadora de ‘La Granja VIP Perú’ también cuestionó la actitud que, según ella, mantenía Pablo Heredia frente a quienes lo rodeaban.

La influencer afirmó que el actor acostumbraba encontrar errores en los demás y pocas veces reconocía los propios. “Es una persona que siempre va a buscar el ‘pero’ en la otra persona: ‘Tú estás mal, él está mal, todos están mal, menos yo’”, manifestó.

Tras escuchar ese relato, la periodista comentó que ese comportamiento suele relacionarse con rasgos narcisistas, aunque sin emitir un diagnóstico, según informa Infobae.

¿CÓMO ANUNCIÓ SHIRLEY ARICA EL FINAL DE SU HISTORIA CON PABLO HEREDIA?

Aunque días antes ambos se mostraban juntos en redes sociales e incluso compartieron fotografías durante el cumpleaños de la modelo, la ruptura terminó confirmándose mediante una transmisión en vivo en TikTok. Allí, Shirley Arica explicó que ambos conversaron y coincidieron en que lo mejor era seguir caminos distintos. “Ya hemos conversado al respecto y creo que es lo mejor para ambos”, expresó.

Asimismo, pidió a quienes apoyaban a la pareja que ahora respalden los proyectos personales de cada uno y aseguró que continuará enfocada en su carrera, su canal de YouTube y su marca “Indomable”.","Sun, 12 Jul 2026 22:23:36 +0000",https://elcomercio.pe/arc/outboundfeeds/rss/?outputType=xml,https://elcomercio.pe/respuestas/farandula/shirley-arica-le-confiesa-a-magaly-medina-el-verdadero-motivo-por-el-cual-no-tuvo-una-relacion-sentimental-con-pablo-heredia-tdpe-noticia/
Así lucirá uno de los puentes colgantes más largos de Sudamérica,"En distintos países de Sudamérica continúan desarrollándose grandes proyectos de infraestructura que buscan mejorar la conectividad y responder a los desafíos que plantea la geografía de la región. Entre ellos destaca la construcción de un puente que llamará la atención por sus enormes dimensiones y por la tecnología empleada para garantizar su seguridad en un entorno donde los terremotos, los fuertes vientos y las corrientes marinas representan un reto permanente para la ingeniería. Una vez concluida, esta obra facilitará el traslado entre dos importantes territorios e impulsará el comercio y el turismo. Descubre cuál es este impresionante puente, en qué país se construye y qué características le permitirán resistir algunas de las condiciones naturales más extremas de Sudamérica.

¿CUÁL ES EL PUENTE DEL QUE SE HABLA Y EN QUÉ PAÍS ESTARÁ UBICADO?

El protagonista de este proyecto es el Puente Chacao, una infraestructura que se construye en Chile para unir de manera permanente la isla Grande de Chiloé con el territorio continental. Cuando la obra esté terminada, pasará a formar parte de las construcciones colgantes más extensas de Sudamérica y destacará por su relevancia para mejorar la conectividad de la zona. La estructura permitirá reemplazar el tradicional traslado en ferry, ofreciendo un acceso continuo durante todo el año y facilitando el movimiento de habitantes, visitantes y mercancías.

¿CÓMO SERÁ LA ESTRUCTURA DE ESTE MEGAPROYECTO?

El puente tendrá una longitud de 2.754 metros y contará con cuatro carriles para el tránsito vehicular. Su diseño incorpora tres grandes torres de hormigón armado, una de ellas instalada sobre una formación rocosa ubicada en medio del canal. Además, dispondrá de un tablero de acero de 23,8 metros de ancho y cimentaciones que alcanzan decenas de metros bajo el nivel del mar. Entre sus elementos más llamativos destaca una torre central con forma de “A”, desarrollada para aportar mayor estabilidad y un mejor desempeño estructural.

¿POR QUÉ FUE DISEÑADO PARA RESISTIR TERREMOTOS Y VIENTOS EXTREMOS?

La ubicación del puente obligó a desarrollar una ingeniería preparada para enfrentar condiciones muy exigentes. La obra se encuentra cerca de una zona donde ocurrió el terremoto de Valdivia de 1960, considerado el más fuerte registrado instrumentalmente en el mundo, además de estar próxima a otras fallas geológicas activas. Por esa razón, incorpora sistemas que ayudan a absorber parte de la energía generada durante un sismo y permiten que la estructura tenga mayor flexibilidad. Asimismo, fue proyectado para soportar vientos que superan los 200 kilómetros por hora sin comprometer su funcionamiento, según informa la plataforma El Observador.

¿QUÉ BENEFICIOS TENDRÁ CUANDO ENTRE EN FUNCIONAMIENTO?

La futura infraestructura permitirá reducir considerablemente el tiempo necesario para cruzar entre el continente y la isla de Chiloé, un recorrido que actualmente depende del servicio de ferry y puede tomar entre 30 y 45 minutos.

Además de agilizar los desplazamientos, el puente fortalecerá la conexión con la Ruta 5, la principal carretera de Chile, que recorre el país de norte a sur y forma parte de la Carretera Panamericana. Gracias a ello, será posible viajar por vía terrestre desde Arica, en el extremo norte chileno, hasta Quellón, en el sur del archipiélago de Chiloé, sin necesidad de utilizar embarcaciones para cruzar el canal.

Las autoridades esperan que esta conexión facilite el transporte de personas y mercancías, fortalezca el comercio, impulse el turismo y contribuya al desarrollo económico de la región. Si el cronograma previsto se mantiene, la habilitación del Puente Chacao está contemplada para el año 2028.","Sun, 12 Jul 2026 22:21:11 +0000",https://elcomercio.pe/arc/outboundfeeds/rss/?outputType=xml,https://elcomercio.pe/respuestas/como/asi-lucira-uno-de-los-puentes-colgantes-mas-largos-de-sudamerica-tdpe-noticia/
Tailandia: Al menos 27 personas mueren en el incendio de un pub de Bangkok,"Al menos 27 personas han muerto en un incendio de un pub de Bangkok en la madrugada del lunes, según informaron las autoridades de Tailandia.

El incendio se produjo antes de la medianoche en una cervecería de Na Padprao, al norte de la capital tailandesa, y alrededor de las 00:26 los servicios de bomberos habían logrado controlar el incendio, según el canal público tailandés Thai PBS.

El primer ministro de Tailandia, Anutin Charnvirakul, acudió más tarde a la zona para supervisar la situación e informó a los medios que 27 personas murieron y que varios heridos habían sido trasladados al hospital.

En agosto de 2022 el incendio de una discoteca en Tailandia dejó al menos 15 muertos y 37 heridos y el propietario fue acusado de negligencia y de operar el establecimiento nocturno sin licencia.

LEE MÁS: El Parlamento de Israel fija las próximas elecciones generales para el 27 de octubre

El primer ministro dijo que los músicos en el bar y restaurante ubicado a las afueras de la capital vieron “humo procedente de un interruptor cerca del escenario, seguido de un corte de electricidad y una explosión”.

“La mayoría de las víctimas corrieron hacia la parte trasera, hacia unos baños sin salida. Podría deberse al pánico, porque había fuego y humo en el restaurante”, declaró Anutin a la prensa, según AFP.

VIDEO RECOMENDADO","Sun, 12 Jul 2026 22:13:24 +0000",https://elcomercio.pe/arc/outboundfeeds/rss/?outputType=xml,https://elcomercio.pe/mundo/asia/tailandia-al-menos-27-personas-mueren-en-el-incendio-de-un-pub-de-bangkok-ultimas-noticia/
Los últimos viajes de los congresistas al extranjero antes de que llegue el Parlamento bicameral,"Uno de los viajes más caros –de más de 25 mil soles– lo hizo Waldemar Cerrón (Perú Libre), primer vicepresidente del Congreso. No viajó solo: su asesora Natalia Jiménez voló con él. Entre los dos, el Congreso gastó más de 50 mil soles en una semana en Europa. Ninguno respondió las preguntas de este medio. Pero hay un dato curioso: Cerrón como miembro de la Mesa Directiva, tuvo que aprobar su propio viaje.

Siete días antes de la segunda vuelta, María del Carmen Alva (Acción Popular) partió hacia Serbia. Esa misión le costó al Estado un total S/ 16, 215. También figura un viaje a Azerbaiyán realizado por el congresista Ernesto Bustamante (Fuerza Popular). Su vuelo fue del 16 al 23 de mayo y representó el gasto individual más alto del mes: S/ 31,171.

Lee también: Un director del BCR, más de 500 ministros: dos formas de gobernar el Perú durante los últimos 20 años

Contactado por El Comercio, indicó que viajó por especial encargo del presidente del Congreso, Fernando Rospigliosi. Pero no es el único congresista que responsabiliza de su viaje a Rospigliosi. Patricia Juárez (Fuerza Popular), cuyos registros muestran que viajó a Canadá del 19 al 22 de mayo, asegura que viajó por un pedido especial del presidente del Congreso.

Sin embargo, consultado por este Diario, Rospigliosi indica que él nunca pide “que viajen en su representación”, ya que los congresistas viajan a eventos a los que son invitados.

A Canadá también fueron los congresistas Heidy Juárez (Lealtad Nacional) e Ilich López (Acción Popular), representando un desembolso conjunto de S/ 46,104.85.

Este Diario se puso en contacto con los tres legisladores mencionados, sin embargo, solo respondió Patricia Juárez indicando que viajó al Parlaméricas.

El 14 de mayo otros tres legisladores hicieron un viaje congresal al Brasil. Se trata de los parlamentarios Elvis Vergara (Acción Popular), Eduardo Salhuana (APP) y José Jerí (Somos Perú). El trío hizo la ruta Lima-Brasil-Lima. El costo total de los tres vuelos pasó los S/ 20,000. A México se embarcaron los legisladores Jorge Flores Ancachi (APP) y Elizabeth Taipe (Perú Libre), con misiones que costaron S/ 9,346 y S/ 8,079 respectivamente. A ellos se sumó Ana Zegarra (Somos Perú) quien viajó del 28 al 30 de mayo con un costo total de S/ 10,476.

Los viajes a Estados Unidos no fueron casos aislados. Entre el 23 de mayo y el 1 de junio, los congresistas Juan Carlos Lizarzaburu (APP), Arturo Zeballos (Renovación Popular) y Magally Santisteban (Fuerza Popular), junto con el asesor Patrick Allemant, realizaron desplazamientos al país norteamericano que, en conjunto, costaron al Estado más de S/ 51 mil.","Sun, 12 Jul 2026 22:05:00 +0000",https://elcomercio.pe/arc/outboundfeeds/rss/?outputType=xml,https://elcomercio.pe/politica/congreso/congreso-viajes-congresistas-salhuana-jeri-patricia-juarez-los-ultimos-viajes-los-congresistas-al-extranjero-antes-de-que-llegue-el-parlamento-bicameral-noticia/
"Messi, seis mundiales después: los cinco récords imposibles que rompió y un clásico ante Inglaterra para agrandar su leyenda","Hay futbolistas que juegan los Mundiales. Hay otros que los ganan. Y luego está Lionel Messi, que decidió reescribirlos. Seis Copas del Mundo después de aquel adolescente de cabello largo que debutó en Alemania 2006, el capitán argentino ya no persigue marcas: las colecciona. En la victoria 3-1 sobre Suiza, en los cuartos de final del Mundial 2026, necesitó apenas un pase para que Alexis Mac Allister abriera el marcador y para completar una obra que parecía inalcanzable: convertirse en el máximo asistidor en la historia del torneo más importante del fútbol, con 11, superando al alemán Fritz Walter.

LEE: Como la Italia de Giuseppe Meazza y el Brasil de Pelé: La estadística a la que Argentina se aferra para soñar con el bicampeonato en el Mundial 2026

No fue un récord aislado. Fue el quinto gran registro absoluto que cayó bajo su nombre en esta Copa del Mundo. Messi ya es el futbolista con más partidos disputados, más minutos jugados, más victorias, más goles y ahora también más asistencias en la historia del torneo. Una colección estadística que probablemente necesite décadas para encontrar un nuevo aspirante.

Lo extraordinario no son solo los números. Es el tiempo que necesitó para construirlos. Porque ningún otro futbolista recorrió seis Mundiales siendo protagonista en todos ellos. Desde Alemania 2006 hasta Estados Unidos, México y Canadá 2026, Messi pasó de ser la joven promesa de José Pekerman al líder absoluto de una generación campeona del mundo y ahora al veterano que sigue resolviendo partidos con la misma claridad que hace veinte años.

La asistencia frente a Suiza fue una postal de esa evolución. Ya no necesita recorrer cincuenta metros con la pelota pegada al pie para desequilibrar. Le basta un toque preciso, una lectura distinta al resto y la paciencia para esperar el momento exacto. El córner ejecutado para el gol de Mac Allister amplió una estadística que ya parecía intocable y confirmó otra faceta de su legado: además del máximo goleador de los Mundiales con 21 tantos, también es el mejor constructor de goles que haya conocido el torneo.

En el camino dejó atrás registros que durante décadas parecían patrimonio exclusivo de leyendas como Miroslav Klose, Pelé o Diego Maradona. El argentino superó el récord histórico de goles mundialistas, amplió la marca de triunfos y ahora también domina el apartado de asistencias, un rubro que refleja una de las mayores virtudes de su carrera: hacer mejores a quienes juegan a su lado.

El clásico ante Inglaterra en el horizonte

Pero el Mundial rara vez concede tiempo para celebrar. Apenas terminó la sufrida clasificación frente a Suiza, el horizonte ya mostró un escenario cargado de simbolismo. Argentina enfrentará a Inglaterra en las semifinales, un duelo que trasciende cualquier contexto deportivo y que ocupa un lugar especial en la memoria colectiva del fútbol argentino.

Las referencias son inevitables. El partido de México 1986 con la “Mano de Dios” y el “Gol del Siglo”, la eliminación por penales en Francia 1998, el cruce en octavos de final de 1966 marcado por la expulsión de Antonio Rattín y, mucho antes, la tensión histórica entre ambos países. Cada enfrentamiento alimentó una rivalidad que convirtió a Inglaterra en mucho más que un rival para Argentina.

Paradójicamente, Messi nunca enfrentó a la selección inglesa en un partido oficial con la camiseta albiceleste. Después de más de dos décadas defendiendo a su país, el destino reservó ese capítulo para el sexto y probablemente último Mundial de su carrera. Un detalle que vuelve todavía más especial la semifinal que se disputará el miércoles en Atlanta.

La diferencia con otras épocas es que Messi ya no necesita comparaciones para sostener su figura. Durante años convivió con el peso de la sombra de Maradona. Ganar el Mundial de Qatar modificó esa discusión y este recorrido en 2026 terminó por colocar su nombre en un espacio propio, uno donde los récords ya no sirven para medirlo, sino para explicar la dimensión de una carrera imposible de repetir.

Porque las cifras cuentan una parte de la historia. Los seis Mundiales, las 11 asistencias, los goles, los partidos y las victorias ayudan a comprender la magnitud del recorrido. Pero hay algo que las estadísticas no registran: la capacidad de seguir decidiendo encuentros cuando el físico ya no acompaña como antes y cuando todos los rivales preparan un plan exclusivamente para detenerlo.

Ahora le queda un desafío más. Inglaterra aparece como el último gran clásico antes de otra posible final del mundo. Si Argentina vuelve a avanzar, Messi no solo habrá acercado a la Albiceleste al bicampeonato consecutivo. También habrá añadido un capítulo más a una historia que hace tiempo dejó de escribirse con tinta y empezó a grabarse directamente en la memoria del fútbol.

********","Sun, 12 Jul 2026 05:07:43 +0000",https://elcomercio.pe/arc/outboundfeeds/rss/?outputType=xml,https://elcomercio.pe/deporte-total/futbol-mundial/lionel-messi-seis-mundiales-despues-los-cinco-records-imposibles-que-rompio-y-un-clasico-ante-inglaterra-para-agrandar-su-leyenda-mundial-2026-noticia/
El día después de Messi y Cristiano: ¿quién es el heredero del trono a rey del mundo cuando acabe la Copa?,"Eliminado Cristiano, acabado Neymar y cuarentón Messi, el Mundial 2026 traza un punto rojo en la línea del tiempo del fútbol contemporáneo, que busca cracks como los piratas tesoros: se acaba una era, quizá la primera en la que los laboratorios intervinieron a profundidad en los cuerpos de los mejores. Los ensamblaron para que su piel sea armadura, las vitaminas sirvieron para romper todos los récords goleadores y la crioterapia evitó jubilaciones prematuras.

LEE: El Papa León XIV y la ‘U’: Cómo fue el primer acercamiento para que el Monumental albergue una misa multitudinaria en su visita al Perú

¿Quiénes vienen detrás, persiguiendo el trono del rey del mundo? ¿Estamos ya ante un talento sobrenatural, único, que la anatomía investiga y los scouting cotizan? Pienso en tres nombres, ordenados aquí en orden de antiguedad de sus pasaportes: Kylian Mbappé, Erling Haaland y Lamine Yamal.

Mbappé tiene 27 años y la soberbia del tamaño de la Torre Eiffel. Solo en este mundial ya hizo más goles de los partidos que jugó (8 en 6 partidos), metió dos asistencias y tiene 20 tantos repartidos en tres mundiales. Hace ver a Klose, o a Gerd Muller como tiesos jugadores de fulbito de mano y, en alguna de sus trancadas hay un aire a las olas que rompen el mar de Río, es decir, los embates del gordo Ronaldo en su prime. Es quien más me gusta: 1) Tiene la edad madura de los genios como Kurt Cobain o Jim Morrison. 2) Nunca tuvo una lesión de gravedad. 3) Camina la cancha con el cinismo de los que son buenos y se saben buenos.

Haaland (25) y Yamal (que este lunes cumple 19) son distintos. Los dos hacen un Mbappé, pero tienen ambos una década aún para hacer su propia carrera. El vikingo no corre la cancha, la estudia, y parece oculto entre las piernas rivales, lejos del close up de la cámara y en el último minuto, mete un testazo y se acaba todo. Ancelotti dice que tiene el mejor timing del mundo, cara virtud en un fútbol que corre a 300 km/h. Yamal es un Quijote. Ocupa un andarivel, casi siempre el derecho, donde baila con sus rivales y es imposible quitarle la pelota. No es un goleador, (1 tanto en 3 partidos) pero tiene al menos un par de mundiales para serlo.

Dicho esto, si hay un futbolista que puede frenar a Messi en su carrera por ser bicampeón del mundo es Mbappé. Pase o no, ya es su heredero.","Sun, 12 Jul 2026 21:52:03 +0000",https://elcomercio.pe/arc/outboundfeeds/rss/?outputType=xml,https://elcomercio.pe/deporte-total/futbol-mundial/el-dia-despues-de-lionel-messi-y-cristiano-ronaldo-quien-es-el-heredero-del-trono-a-rey-del-mundo-cuando-acabe-el-mundial-2026-noticia/
¿Por qué Messi es más rápido que todos si camina en la cancha? La ciencia explica el secreto de sus ojos y un cerebro que predice el gol,"La misma magia que vimos en Erling Haaland ante Brasil para el 1-0 de cabeza o la que vemos con Kylian Mbappé en Francia. ¿La diferencia? Messi la domina mejor que todos. Solo Messi puede caminar y parecer que deambula en la cancha y un instante después, acelerar a mil para ubicarse en lugar exacto para el gol.

LEE: Talento y ciencia para 38 años y en la élite: Messi y cómo la magia del mejor del mundo se crea entre la cama, la mesa y el laboratorio

Mucho antes de que la neurociencia intentara explicar ese fenómeno, Pep Guardiola ya lo había descrito. “Parece que está paseando. Se pasa el partido caminando, radiografiando la situación en cada instante”, dijo alguna vez el técnico catalán. Y completó la idea con una frase que hoy parece casi una definición científica: “Cuando le llega el balón, tiene la radiografía completa del espacio-tiempo. Sabe dónde está todo el mundo... y ¡pam!”.

Aquella intuición del entrenador encuentra hoy respaldo en la psicología deportiva. Para Mario Reyes-Bossio, psicólogo deportivo, docente e investigador de la Universidad Peruana de Ciencias Aplicadas (UPC), la imagen de un Messi aparentemente desconectado es, en realidad, la manifestación de un cerebro trabajando a máxima capacidad. Es Messi proyectando el camino al gol.

“Lo que parece desconexión es, en realidad, eficiencia cognitiva de alto nivel. El cerebro experimentado ha automatizado tanto la lectura del juego que no necesita esfuerzo consciente para procesar lo básico: dónde está el balón, qué hace el rival más cercano. Eso ya ocurrió casi automáticamente. Sus recursos mentales están libres para algo más valioso: anticipar lo que pasará dos o tres jugadas después”, explica.

La caminata, entonces, más que una pausa, es una herramienta.

Mientras otros futbolistas consumen energía física y mental persiguiendo el balón, Messi utiliza esos segundos para observar el escenario completo. Diversos estudios realizados con tecnología eye-tracking han demostrado que los futbolistas de élite no necesariamente miran más que el resto. La diferencia es que extraen mucha más información de cada mirada. En apenas unas fracciones de segundo identifican relaciones espaciales, movimientos, trayectorias y posibles líneas de pase que otros jugadores tardan más en interpretar.

Eso coincide exactamente con lo que describe Reyes-Bossio: “Primero, está fotografiando el campo mentalmente. Sus ojos realizan movimientos rapidísimos que capturan en fracciones de segundo la posición de cada jugador. Lo interesante es que los futbolistas expertos no miran más tiempo que los demás: simplemente extraen mucha más información de cada mirada. Como la diferencia entre leer una página y entenderla, o leerla y quedarse solo con las palabras”.

Pero esa fotografía es apenas el comienzo. Mientras parece caminar sin participar, el cerebro de Messi ya está construyendo el siguiente capítulo del partido. “Su cerebro está generando hipótesis sobre lo que harán sus compañeros y rivales en los próximos segundos. No reacciona al juego: lo modela antes de que ocurra”, sostiene el especialista.

En neurociencia ese mecanismo recibe el nombre de cerebro predictivo. Lejos de funcionar como una cámara que registra lo que ya sucedió, el cerebro genera permanentemente predicciones sobre lo que está por ocurrir y las ajusta con la información que recibe. En un deportista de élite, ese sistema alcanza una precisión extraordinaria después de miles de horas de entrenamiento técnico, táctico y psicológico.

Por eso Messi parece aparecer “de la nada”. “Cuando vemos a Messi aparecer en el espacio libre ‘de la nada’, en realidad su cerebro ya calculó que ese espacio iba a abrirse antes de que existiera. No llegó por instinto: llegó porque modeló el movimiento probable de cada jugador en el campo y anticipó el resultado. A eso le llamamos visión de juego. La neurociencia lo llama predicción cerebral de alta precisión”, agrega.

La diferencia entre un futbolista extraordinario y uno simplemente bueno tampoco reside únicamente en la técnica. Reyes-Bossio sostiene que, en la élite, casi todos dominan el balón. Lo que marca la distancia es la velocidad con la que el cerebro reconoce patrones y encuentra la respuesta adecuada.

“Podríamos hipotetizar que Messi va tomando las mejores decisiones de todas las alternativas que se ha planteado y esa decisión la hace muy rápido. Su cerebro ha acumulado una biblioteca mental tan vasta de patrones de juego que lo que para otro jugador representa un problema complejo que hay que resolver en tiempo real, para él es una situación conocida con una respuesta disponible de inmediato”.

La comparación ayuda a entender la magnitud del fenómeno. “Es lo mismo que ocurre con un médico experimentado que mira una radiografía y sabe en segundos lo que a un estudiante le toma minutos descifrar. La experiencia no solo enseña: literalmente transforma la forma en que el cerebro procesa la realidad”.

Esa biblioteca mental no apareció por generación espontánea. Messi comenzó a entrenar a los seis años, ingresó a La Masía a los trece y lleva más de tres décadas enfrentándose a miles de situaciones de juego. Cada entrenamiento fortaleció circuitos cerebrales relacionados con la atención, la percepción, la memoria y la toma de decisiones.

“Hay componente genético, sin duda. Pero los genes no juegan al fútbol. Los pone en acción un entorno de entrenamiento de altísima calidad mantenido durante décadas. El talento abre la puerta, pero el entrenamiento construye la casa”.

La caminata también cumple otra función menos visible: administrar la energía. “Al caminar está regulando conscientemente su energía, guardándola para el momento preciso en que la va a necesitar. Todo esto ocurre en paralelo. Eso es lo que llamamos procesamiento experto”, detalla.

Es una idea que también había señalado Guardiola. El entrenador entendía que pedirle a Messi correr constantemente era desperdiciar su mayor virtud. Su diferencia nunca estuvo en recorrer más metros que los demás, sino en recorrer los decisivos.

Quizá por eso su fútbol sigue desafiando la lógica incluso a los 39 años. Cuando recibe el balón y resuelve una jugada compleja en apenas unas décimas de segundo, la decisión ya estaba tomada desde antes.

“Cuando Messi toca el balón y en décimas de segundo ya lo filtró al espacio perfecto, su cerebro tomó esa decisión cuando el pase todavía estaba en camino. Lo que nosotros percibimos como una reacción fulminante es, en realidad, la ejecución de algo que ya estaba decidido. Por eso su juego parece tan sencillo. No es que sea fácil: es que, para su cerebro, en cierta forma, ya había pasado”, añade el especialista.

Esa es la gran paradoja de Messi. Cuanto más parece caminar, más intensamente está jugando. Cuando más lento va sobre la cancha, mejor entiende lo que está por suceder y eso, más que a nadie, lo acerca primero al gol.","Sun, 12 Jul 2026 21:50:48 +0000",https://elcomercio.pe/arc/outboundfeeds/rss/?outputType=xml,https://elcomercio.pe/deporte-total/futbol-mundial/lionel-messi-por-que-es-mas-rapido-que-todos-si-camina-en-la-cancha-la-ciencia-explica-el-secreto-de-sus-ojos-y-un-cerebro-que-predice-el-gol-mundial-2026-hoy-tlcnota-noticia/
"Marco, transfiérela, una crónica de Fernando Vivas sobre el jefe del equipo de transferencia de Keiko Fujimori","Incluso, participó en el debate técnico, tomando el tema de desarrollo agrario y medio ambiente frente a César Guarniz de JP. Era, sin duda alguna, su tema, pues ha trabajado la mitad de sus 43 años en el sector agrario, en el privado y también en el público. Volveremos sobre eso.

El silencio del partido, ni respetuoso ni entusiasta, es comprensible. Ha de llamar la atención, a tanto dirigente y activista naranja que se deslomó en varias campañas, que un técnico ajeno a los rigores partidarios, sea nombrado jefe del plan de gobierno primero; y, ahora, jefe de la transferencia de 18 ministerios y de la Presidencia del Consejo de Ministros (PCM).

En realidad, Vinelli sí se deslomó, aunque por menos tiempo y con intermitencia. En el 2021 participó en el plan de gobierno, haciéndose cargo solo del capítulo agrario.

Tras la derrota, se dedicó a su empresa agroexportadora Allpu y a sus responsabilidades académicas en Esan, hasta que en septiembre del 2025, Keiko le pidió encargarse de todo el plan de gobierno.

El outsider técnico de Fuerza Popular está en el candelero porque ha recibido un encargo que suena más político que otra cosa.

Lo encargaron de un plan entero, ahora lo encargan de una transferencia entera y, posiblemente, se encargará de un ministerio que demanda gestos políticos: en el Perú, la agroexportación de éxito y gran escala, convive con la agricultura familiar de subsistencia que, en muchas zonas, no tiene ni vías carrozables para llevar sus productos al mercado.

Un experto en el agro con aprendizaje político es lo que buscan para lidiar con eso. Pero no especulemos más. Solo digamos que está voceado y dispuesto. No es el primer caso de jales de este tipo: ‘Nano’ Guerra García respecto de la promoción de MYPES y Úrsula Letona respecto de reforma del estado, lo fueron, pero entonces FP no tenía ministerios para darles.

Marco Vinelli no habla como político, ni suena muy técnico, a pesar de que ya les dije que lo es. Estudió economía en la Universidad de San Marcos a la que siguió un MBA en Esan. Trabajó algunos años en el aparato del Midagri (Ministerio de Desarrollo Agrario y Riego), en los entes de Agro Ideas y Agro Rural. De este último salió con algunas investigaciones, de las que una, por delito contra la administración pública, continúa abierta en el Ministerio Público.

Necesitaba información sobre cómo entabló su relación con el fujimorismo, y lo llamé para que me lo cuente. Marco, como político en ciernes que ya es, repasa su biografía poniendo el acento en su origen regional emprendedor -nació en Puerto Maldonado, capital de Madre de Dios- y en el hecho de que estudió primaria y secundaria en colegios públicos.

Sus dos padres nacieron en la región, él en un pueblo brasilero del estado brasilero de Acre, cerca de la frontera; ella en Madre de Dios. Su abuelo paterno vino de Italia a Chile y recorrió el Perú antes de recalar en la Amazonía.

“En Puerto Maldonado, mis padres tenían una cafetería, junto a donde vivíamos. Recuerdo en la casa un retrato grande del presidente Fujimori. Esa es mi primera relación con el fujimorismo, si se puede decir así. Muchos años después, cuando estaba en Agro Ideas y necesitábamos un taller con un experto en temas tributarios, contratamos a ‘Miki’ Torres [actual vicepresidente electo]. Fue algo muy corto pero nos hicimos buenos amigos. Él fue el nexo”, me cuenta Marco sobre la relación que ha replanteado su carrera.

La transferencia se lleva sin sobresaltos. La propia Keiko lo dijo cuando la visitó José María Balcázar. Nada que ver con Colombia, donde el electo Abelardo de la Espriella ha suspendido lo que ellos llaman ‘el empalme’.

Vinelli tiene que preparar un informe que ha de estar listo alrededor del 25 de julio. Por supuesto, intenté que me soltara algún nombre del gabinete, pero no suelta ni el suyo, que bastante voceado está.","Sun, 12 Jul 2026 21:50:00 +0000",https://elcomercio.pe/arc/outboundfeeds/rss/?outputType=xml,https://elcomercio.pe/politica/marco-vinelli-transfierela-una-cronica-de-fernando-vivas-sobre-el-coordinador-del-equipo-de-transferencia-de-keiko-fujimori-noticia/
"Precio del Dólar en México hoy, domingo 12 de julio 2026: a cuánto cerró el USD en MXN (Pesos mexicanos)","El mercado cambiario está mostrando ligeras fluctuaciones en la paridad entre el dólar estadounidense y el peso mexicano. Para este domingo 12 de julio de 2026, el precio del dólar en México se cotiza en 17.4779 pesos mexicanos. Se prevé que la cifra experimente variaciones marginales con el desarrollo de la jornada bursátil.

En la práctica, esto significa que, si vas a cambiar dólares en ventanilla bancaria o en una casa de cambio, verás precios de compra y venta ligeramente por encima o por debajo de ese nivel, dependiendo de la institución. El mercado se ha mantenido relativamente estable en las últimas semanas, moviéndose en un rango alrededor de 17.20 y 17.40 pesos por dólar, con variaciones diarias pequeñas.

Tipo de Cambio FIX en México — domingo 12 de julio de 2026

El tipo de cambio para pagar las obligaciones en dólares estadounidenses quedó para el viernes 10 de julio, según Banxico, en 17.4842 pesos por cada divisa verde. Todavía no se conoce el tipo de cambio FIX para este domingo 12 de julio.

El tipo de cambio FIX se determina por Banxico en días hábiles bancarios a partir del promedio de las cotizaciones del mercado cambiario al mayoreo y se da a conocer al mediodía del día previo.

Un dato a tener en cuenta es que el tipo de cambio FIX es una herramienta crucial para el mercado financiero en México, ya que determina el valor oficial del peso frente al dólar estadounidense. Este valor es calculado por el Banco de México (Banxico), basándose en un promedio ponderado de las cotizaciones de las operaciones al mayoreo. Dicho proceso asegura que el tipo de cambio sea representativo de las transacciones reales del mercado, garantizando transparencia y estabilidad para las empresas y particulares que operan con divisas.

La determinación del FIX se realiza cada día hábil bancario a partir de las 12:00 horas, y se publica oficialmente en el Diario Oficial de la Federación (DOF) al día siguiente. Este dato es vital, ya que es el que se utiliza para saldar obligaciones y contratos denominados en dólares que se liquidarán en México. Gracias a este mecanismo, tanto empresas como individuos pueden planificar y ejecutar transacciones internacionales con una referencia clara y regulada.

FIX de Banxico y precios en bancos: ¿qué referencia usar?

El tipo de cambio FIX es la referencia oficial que Banxico calcula todos los días hábiles con base en un promedio ponderado de operaciones al mayoreo en el mercado cambiario. Este valor se publica posteriormente en el Diario Oficial de la Federación (DOF) y se usa para contratos, pagos internacionales, facturación y otras operaciones formales, por lo que es el punto de partida más confiable para medir la fuerza del peso frente al dólar.

Sin embargo, el precio que tú ves al acudir al banco no es exactamente el FIX, sino el precio de mercado (spot o de ventanilla), que incorpora comisiones, costos operativos y el margen de ganancia de cada institución. Por eso, es normal encontrar diferencias de algunos centavos entre bancos y casas de cambio, incluso a la misma hora del día.

Una forma práctica de usar el FIX es tomarlo como “línea base”: si la venta al público se encuentra muy por encima de ese valor, conviene comparar con otras opciones antes de completar tu cambio.

Diferencia entre tipo de cambio oficial y precio de ventanilla

Para tomar mejores decisiones, es clave entender la diferencia entre el tipo de cambio oficial (FIX) y el precio que se aplica al público:

El FIX es una tasa de referencia calculada con un promedio ponderado de operaciones al mayoreo durante ciertos horarios de la mañana.

No cambia en tiempo real: una vez determinado para el día, se mantiene fijo y sirve para saldar obligaciones en dólares dentro del sistema financiero mexicano.

El precio de mercado, en cambio, se mueve todo el día según oferta y demanda, noticias económicas, decisiones de bancos centrales y flujo de capitales internacionales.

En ventanilla siempre verás dos precios: compra (lo que el banco te paga por tus dólares) y venta (lo que el banco te cobra si quieres comprar dólares). La diferencia entre ambos se conoce como “spread” y es parte de la ganancia de la institución.

Calculadora de cambio de peso mexicano a dólar estadounidense y viceversa

Preguntas frecuentes

Cuáles son los factores que determinan el tipo de cambio entre el dólar y el peso mexicano

El tipo de cambio entre el dólar y el peso mexicano está determinado principalmente por la ley de oferta y demanda en los mercados financieros.

Factores macroeconómicos como las tasas de interés de los bancos centrales (la Reserva Federal y el Banco de México), la inflación, el crecimiento económico, la estabilidad política y el flujo de inversiones extranjeras influyen directamente en qué tanto se busca una moneda sobre la otra, ajustando su precio constantemente.

¿Cómo afecta el precio del petróleo al valor del peso mexicano?

El peso mexicano es considerado una “moneda vinculada a las materias primas” (commodity currency). Dado que México es un importante productor y exportador de petróleo, cuando los precios internacionales del crudo suben, se espera que el país reciba más divisas, lo que tiende a fortalecer el peso frente al dólar; por el contrario, una caída en los precios del petróleo suele debilitar la moneda nacional.

¿Qué papel juegan las remesas en la estabilidad del peso?

Las remesas representan una entrada significativa de divisas extranjeras a México, principalmente provenientes de los Estados Unidos. Al incrementar la oferta de dólares en la economía nacional, este flujo ayuda a sostener el valor del peso y proporciona un colchón financiero que ayuda a estabilizar la moneda frente a periodos de volatilidad externa.","Sun, 12 Jul 2026 21:45:00 +0000",https://elcomercio.pe/arc/outboundfeeds/rss/?outputType=xml,https://elcomercio.pe/mag/respuestas/mx/precio-del-dolar-en-mexico-hoy-viernes-10-de-julio-2026-cuanto-esta-el-usd-en-mxn-nnda-nnrt-noticia/
Cannes Lions 2026: las campañas que consolidan a Perú entre los líderes de la publicidad mundial,"Cuando Leo Burnett Perú —hoy Circus Grey— obtuvo en 1999 el primer León de Cannes para el país con “Arbolito”, una campaña creada para Ace, el reconocimiento parecía una excepción. En aquel entonces, la presencia peruana en el festival más importante de la creatividad publicitaria era esporádica y competir frente a las grandes potencias de la industria parecía una meta lejana. Veintisiete años después, el panorama cambió por completo.

Hoy, Cannes Lions reúne cada año a miles de trabajos provenientes de más de 90 países y premia las ideas más innovadoras en categorías como Film, Outdoor, Media, Direct, Design, Digital Craft, Entertainment, PR, Titanium y Glass: The Lion for Change, entre otras. Cada pieza es evaluada por jurados internacionales que valoran la originalidad, la ejecución y el impacto de las propuestas. Alcanzar un León ya supone ingresar a un grupo muy reducido de campañas; conquistar un Grand Prix, el máximo reconocimiento de cada categoría, es un logro reservado para menos del 1 % de los trabajos inscritos.

En ese escenario, cada vez más competitivo, Perú ha construido su mejor etapa. Solo durante los últimos cinco años, las agencias nacionales han sumado más de 50 Leones, impulsadas por una generación de campañas que transformó problemas cotidianos en soluciones de alcance global.

Entre ellas destacan “The Cushioning Route”, de Boost Brand Accelerator para Nike, que intervino los baches de la popular ruta para corredores del malecón de Barranco con el mismo material blando de las suelas del calzado; “MouthPad”, de Wunderman Thompson Perú junto a Augmental, un dispositivo que permite controlar computadoras con la lengua para personas con discapacidad motriz; “Redesigning for E-nclusion”, de Fahrenheit DDB para Plaza Vea, enfocada en mejorar la accesibilidad digital; y “Sightwalks”, también de Circus Grey para Cemento Sol y la Municipalidad de Miraflores, que transformó las veredas en un sistema de orientación para personas con discapacidad visual y conquistó el primer Grand Prix para el Perú en 2024.

Más allá del número de Leones, el cambio refleja la madurez de una industria que dejó de competir únicamente por la calidad de la ejecución para hacerlo por su capacidad de resolver problemas reales mediante creatividad, innovación y tecnología. Esa evolución explica por qué el Perú ya no aparece como una sorpresa en Cannes Lions, sino como un país que, año tras año, consigue un lugar entre las ideas más relevantes del mundo.

SOS POS

Por Circus Grey

En el Perú se roban más de 4.000 celulares al día y, solo el año pasado, el ciberfraude ocasionó pérdidas superiores a los 30 millones de dólares. El gran desafío era reducir el tiempo que tardaban las víctimas en bloquear sus cuentas, ya que el único canal disponible era el call center, cuyo proceso podía extenderse hasta una hora. Durante semanas la agencia publicitaria junto a con el equipo de tecnología y seguridad del BCP buscaron una respuesta a tal problema, y esta llegó en forma de los terminales de pago instalados en miles de bodegas, mercados y supermercados del país. Tras varios meses de desarrollo, los POS fueron reprogramados para hacer exactamente lo contrario de aquello para lo que fueron creados: en lugar de aprobar transacciones, bloquean cuentas en menos de dos minutos. Reimaginar una tecnología con más de medio siglo de existencia para enfrentar un problema contemporáneo cautivó al jurado de Cannes Lions 2026, donde la iniciativa obtuvo siete Leones: un Grand Prix, tres Gold Lions, un Silver Lion y dos Bronze Lions, y hoy ya se prepara para replicarse en Colombia, Chile y Bolivia.

“Nuestras ideas no solo resuelven retos de negocio, sino que tienen un impacto muy poderoso en la sociedad”

José Luis Rivera y Piérola, Creative Chairman & CEO, Circus Grey

THE THOUSAND SPONSORS OF MUNI

Por McCANN LIMA

Cuando el Club Deportivo Municipal perdió a su principal patrocinador tras descender a la tercera división, parecía imposible encontrar una marca dispuesta a asumir el costo de mantener vivo el proyecto deportivo. Antes de pensar en una solución, el equipo creativo decidió escuchar a la hinchada. En esas conversaciones apareció un patrón inesperado: muchos aficionados eran dueños de pequeños negocios y estaban dispuestos a aportar con tal de ver al equipo salir adelante. La respuesta fue reemplazar un gran auspiciador por mil pequeños patrocinadores capaces de reunir, en conjunto, el mismo presupuesto. Para ello concentraron su atención en una camiseta que integrara mil marcas sin perder identidad y, además, crear la imagen gráfica de cientos de emprendimientos que nunca habían tenido un logotipo. El resultado trascendió el patrocinio deportivo para convertirse en una demostración de pertenencia colectiva y creatividad aplicada a un problema real, reconocimiento que llevó a la campaña hasta Cannes Lions 2026, donde obtuvo cinco Leones: un Grand Prix, un Silver Lion y tres Bronze Lions, obtenidos en las categorías Entertainment Lions for Sport, Brand Experience & Activation Lions, PR Lions y Design Lions.

“Los grandes premios que hemos conseguido no son una casualidad, sino la consecuencia de la mejora de nuestro nivel competitivo”

Charlie Tolmos, Chief Creative Officer, McCANN LIMA

PRIME TIME 0.7

Por Fahrenheit DDB

La idea partió de un problema que se repetía cada año: la Fundación Peruana de Cáncer necesitaba llegar al horario de mayor audiencia para impulsar su colecta, pero el alto valor comercial del prime time hacía imposible conseguir esos espacios. La respuesta surgió a partir de un hallazgo técnico del equipo creativo: comprobar que acelerar un contenido audiovisual apenas un 0,7 % era imperceptible para el ojo y el oído humanos. Tras varias semanas de pruebas junto con el equipo técnico de Latina, lograron intervenir la programación sin alterar la experiencia de los televidentes. Así, minutos que antes no existían fueron liberados dentro de la franja más cotizada de la televisión y destinados íntegramente a difundir la campaña solidaria, sin afectar los compromisos comerciales del canal. La iniciativa convirtió una limitación del negocio en una oportunidad de impacto social y fue reconocida en Cannes Lions 2026 con cuatro Leones: dos Silver Lions y dos Bronze Lions, obtenidos en las categorías Direct Lions y Media Lions respectivamente.","Sun, 12 Jul 2026 21:45:00 +0000",https://elcomercio.pe/arc/outboundfeeds/rss/?outputType=xml,https://elcomercio.pe/somos/tendencias/cannes-lions-2026-las-campanas-que-consolidan-a-peru-entre-los-lideres-de-la-publicidad-mundial-noticia/
Estos son los significados de todos los símbolos patrios del Perú,"La Constitución Política del Perú establece que la bandera, el escudo y el himno nacional son los principales símbolos patrios reconocidos oficialmente por el Estado. Estos emblemas reflejan la historia, la identidad y los valores que forman parte de la construcción republicana del país. Su presencia en ceremonias oficiales y fechas conmemorativas representa la unión y el sentido de pertenencia de los ciudadanos. Entre estos símbolos, la bandera peruana destaca por los cambios que experimentó su diseño desde los primeros años de la República hasta alcanzar su versión vigente en 1950. Su evolución refleja distintos momentos de la historia nacional. Asimismo, la escarapela mantiene un importante valor cultural y patriótico para los peruanos, aunque no cuenta con reconocimiento constitucional como símbolo oficial de la nación.

¿Qué significado tiene nuestra bandera y lo que refleja en los peruanos en cualquier evento nacional?

La bandera peruana está conformada por tres franjas verticales: dos de color rojo ubicadas en los extremos y una blanca en la parte central. Cada tonalidad posee un significado representativo dentro de la historia nacional: el rojo recuerda el sacrificio de los héroes y mártires que lucharon por el país, mientras que el blanco simboliza ideales como la paz, la justicia y la libertad. Su diseño actual fue establecido en 1950 luego de diversos cambios desde su creación en 1820. El primer modelo de la bandera fue presentado por el general José de San Martín y tenía una estructura dividida mediante líneas diagonales, formando espacios alternados en blanco y rojo. Posteriormente, figuras como Bernardo de Tagle y Simón Bolívar promovieron nuevas modificaciones que incorporaron franjas y elementos como el sol y el escudo. Finalmente, en 1950 se definieron las versiones oficiales actuales: el Pabellón Nacional, que incluye el Escudo de Armas, y la Bandera de Guerra, que porta el Escudo Nacional.

¿Qué significado tiene nuestro Escudo Nacional analizado por los tres reinos de la naturaleza en el suelo patrio?

El escudo nacional del Perú constituye uno de los principales emblemas de la identidad del país y representa su soberanía, así como la riqueza de sus recursos naturales. Su diseño actual fue aprobado en 1825 y está compuesto por tres secciones que simbolizan los principales ámbitos de la naturaleza peruana: el reino animal, vegetal y mineral. En el primer campo se encuentra una vicuña sobre fondo celeste, como representación de la fauna andina; mientras que en el segundo aparece el árbol de la quina sobre fondo blanco, en alusión a la diversidad vegetal.

La parte inferior del escudo muestra una cornucopia dorada derramando monedas sobre un fondo rojo, elemento que representa la abundancia de los recursos minerales del territorio nacional. Estos símbolos fueron seleccionados por el Congreso Constituyente, bajo la presidencia de José Gregorio Paredes, con la finalidad de reflejar la diversidad y riqueza del Perú. El primer escudo, creado en 1820 por José de San Martín, marcó el inicio de una tradición que se consolidó con el paso del tiempo. Desde entonces, este emblema ha acompañado documentos oficiales, monedas y la bandera nacional como símbolo permanente de la historia republicana.

¿Qué significado tiene nuestro Himno Nacional desde su historia de su creación, estrofas emblemáticas y su valor patriótico?

El himno nacional del Perú es una de las expresiones patrióticas más representativas del país y está conformado por siete estrofas acompañadas de un coro. Su primera interpretación estuvo a cargo de Rosa Merino el 23 de septiembre de 1821, mientras que su reconocimiento oficial se estableció mediante decreto en 1822. La composición musical fue creada por José Bernardo Alcedo y la letra estuvo a cargo de José de la Torre Ugarte, ambos elegidos en un concurso impulsado por el general José de San Martín.

A lo largo de su historia, el himno nacional ha sido objeto de debates y modificaciones legales. En 1913 se determinó la intangibilidad de su letra y música originales, mientras que en 2005 el Tribunal Constitucional señaló que la primera estrofa pertenece al folclore nacional, aunque mantuvo su carácter oficial por representar la expresión colectiva del pueblo peruano. Actualmente, este símbolo acompaña ceremonias y fechas importantes, evocando la independencia, el sacrificio de los antepasados y los valores de libertad y unidad nacional.

¿Qué significado tiene nuestra escarapela, y por qué no es un símbolo oficial, pero si es un distintivo?

La escarapela peruana es un distintivo que conserva los colores de la bandera nacional y tradicionalmente se luce en el lado izquierdo del pecho durante las celebraciones por Fiestas Patrias, especialmente en el mes de julio. Su creación fue establecida en octubre de 1820 por el general José de San Martín, inicialmente como un elemento de identificación para el ejército independentista y posteriormente como un símbolo utilizado por la población civil frente a los emblemas del bando realista.

Aunque en los primeros años de la República tuvo reconocimiento oficial, la escarapela no forma parte actualmente de los símbolos patrios establecidos por la Constitución peruana. Pese a ello, continúa siendo utilizada ampliamente en colegios, entidades públicas y ceremonias conmemorativas. Su importancia se mantiene como una expresión voluntaria de identidad y orgullo nacional, fortaleciendo cada año el sentimiento de pertenencia y la conexión de los ciudadanos con los valores históricos del Perú.","Sun, 12 Jul 2026 21:39:24 +0000",https://elcomercio.pe/arc/outboundfeeds/rss/?outputType=xml,https://elcomercio.pe/respuestas/que/estos-son-los-significados-de-todos-los-simbolos-patrios-del-peru-tdpe-noticia/
¿Cuáles son los requisitos mínimos para acceder al aguinaldo en julio 2026 en el Perú?,"El Gobierno oficializó las disposiciones para el pago del aguinaldo por Fiestas Patrias destinado a los trabajadores y pensionistas del sector público. De acuerdo con el Decreto Supremo N.° 128-2026-EF, el beneficio económico será de S/300 y se entregará de manera extraordinaria como parte de las medidas adoptadas para este año. La norma establece quiénes podrán acceder a este incentivo y las condiciones para su otorgamiento. El desembolso se realizará en un único pago junto con la planilla correspondiente al mes de julio de 2026. Con esta medida, el Ejecutivo busca reconocer el desempeño de los servidores públicos y brindar un apoyo económico adicional con motivo de las celebraciones por Fiestas Patrias. Asimismo, el beneficio alcanza a los pensionistas comprendidos dentro de los regímenes contemplados en la normativa vigente.

No todos reciben el aguinaldo. Conoce quienes gozan de este dinero extra que se paga como derecho en el mes de julio

La disposición oficial señala que el aguinaldo será entregado en su totalidad únicamente a los trabajadores y pensionistas que acrediten el cumplimiento de los requisitos relacionados con el tiempo de servicio y la antigüedad establecidos en la normativa vigente. De esta manera, el acceso al beneficio estará sujeto a las condiciones fijadas por el Ejecutivo, con el fin de garantizar que el desembolso se efectúe conforme a los criterios previstos para este incentivo económico. Asimismo, el documento recuerda que el otorgamiento del aguinaldo ya se encontraba contemplado en la Ley de Presupuesto del Sector Público para el Año Fiscal 2026. Sin embargo, el Decreto Supremo N.° 128-2026-EF desarrolla con mayor precisión los lineamientos para su aplicación, especificando los requisitos, las excepciones y los alcances que deberán cumplirse para acceder al pago extraordinario por Fiestas Patrias.

¿Cuáles son las condiciones para recibir el pago íntegro del aguinaldo del mes de julio por Fiestas Patrias?

El aguinaldo por Fiestas Patrias está destinado únicamente a los trabajadores comprendidos dentro del sector público, conforme a lo establecido en la normativa vigente. Este beneficio no alcanza a los servidores que laboran bajo el régimen de la actividad privada, ya que ellos cuentan con un esquema distinto de compensación económica durante esta época del año. La medida busca delimitar con claridad quiénes son los beneficiarios del subsidio extraordinario. En el caso de los trabajadores sujetos al régimen laboral privado, corresponde el pago de la gratificación regulada por la Ley N.° 27735. Por ello, las autoridades han enfatizado la importancia de diferenciar ambos beneficios para evitar interpretaciones erróneas sobre su alcance. Esta precisión permite que los empleados identifiquen correctamente el derecho que les corresponde según el régimen laboral al que pertenecen y las disposiciones legales que los amparan.

Para acceder al pago completo de S/300, la norma exige dos condiciones fundamentales:

Estar en funciones al 30 de junio de 2026 y

Contar con al menos tres meses de antigüedad en la entidad pública a esa misma fecha.

¿El Estado tendrá el alcance del aguinaldo para trabajadores, pensionistas, militares y policías? Conócelo aquí.

El aguinaldo de S/300 por Fiestas Patrias beneficiará a diversos grupos de trabajadores y pensionistas del sector público contemplados en la normativa vigente. Entre ellos figuran los funcionarios y servidores nombrados o contratados bajo el régimen del Decreto Legislativo 276, así como los docentes comprendidos en la Ley de Reforma Magisterial y la Ley Universitaria. El beneficio también alcanza al personal de salud regulado por el Decreto Legislativo 1153, además de obreros permanentes y eventuales del Estado.

La medida incluye igualmente a los integrantes de las Fuerzas Armadas, la Policía Nacional y a los pensionistas de los distintos regímenes administrados por el Estado. En el caso de los servidores incorporados al régimen del Servicio Civil, el pago se efectuará conforme a lo establecido en la Ley del Servicio Civil y su reglamento de compensaciones. Asimismo, la norma dispone que los docentes del Magisterio Nacional que cumplen una jornada laboral completa recibirán un monto que, en ningún caso, será inferior a los S/300 establecidos para este beneficio extraordinario.

¿Cuál es marco legal que respalda el pago del aguinaldo? Conoce esta ley que muy pocas personas lo saben

El otorgamiento del aguinaldo por Fiestas Patrias 2026 se sustenta en las disposiciones de la Ley de Presupuesto del Sector Público para el Año Fiscal 2026 y del Decreto Supremo N.° 128-2026-EF. Ambas normas fijan el monto del beneficio, los requisitos para acceder a él y los procedimientos aplicables en situaciones específicas. Con este marco legal, el Ejecutivo busca que la entrega del incentivo económico se realice bajo criterios claros y previamente establecidos.

Asimismo, la normativa tiene como propósito asegurar una distribución transparente y equitativa entre los trabajadores y pensionistas del sector público que cumplan con las condiciones exigidas. El Gobierno peruano sostiene que esta medida representa un reconocimiento a la labor que desempeñan los servidores del Estado y garantiza que el desembolso se efectúe de manera oportuna, respetando los lineamientos y procedimientos previstos en la legislación vigente.","Sun, 12 Jul 2026 21:38:20 +0000",https://elcomercio.pe/arc/outboundfeeds/rss/?outputType=xml,https://elcomercio.pe/respuestas/tramites/cuales-son-los-requisitos-minimos-para-acceder-al-aguinaldo-en-julio-2026-en-el-peru-tdpe-noticia/
Scaloni pide a los argentinos ver solo “como un partido de fútbol” el duelo crucial ante Inglaterra por las semifinales del Mundial 2026,"Atrás quedó en la historia la Guerra de las Malvinas cuyo vencedor fueron los ingleses frente al pueblo argentino, sin embargo, en el fútbol apareció el héroe del Mundial de 1986, Diego Armando Maradona, quien con talento el balón, hizo recordar al mundo que Argentina puede escribir otra historia. Hoy en este mundial un nuevo enfrentamiento se dará entre Inglaterra y Argentina, no con bombas y soldados, sino con un balón y sus once jugadores, ya no en una isla sino en una cancha y no de pueblos muriendo por luchar una invasión sino con una hinchada retumbando en el estadio arengando a su selección. Esta dura batalla tendrá su lugar en el Mercedes-Benz Stadium ubicado en Atlanta, Georgia, Estados Unidos este miércoles 15 de julio de 2026. Este mundial está llegando a su fin con duelos decisivos donde solo un merecerá levantar su copa y ponerla en vitrina.

¿Qué dijo el técnico de la selección argentina antes de este duele importante contra Inglaterra y su historia?

En la antesala del encuentro, el director técnico Lionel Scaloni pidió centrar toda la atención en el aspecto estrictamente deportivo y evitar que el partido sea vinculado con hechos históricos ajenos al fútbol, como el conflicto por las Islas Malvinas. El estratega argentino insistió en que el compromiso debe entenderse únicamente como una competencia entre dos selecciones de primer nivel. Con ese mensaje, buscó reducir cualquier tipo de tensión extradeportiva alrededor del enfrentamiento. Scaloni también destacó el nivel de Inglaterra y elogió el trabajo de su entrenador, Thomas Tuchel, a quien expresó admiración y respeto por su trayectoria. El seleccionador argentino reiteró que el compromiso no debe interpretarse desde otra perspectiva que no sea la futbolística. En ese sentido, enfatizó que se trata simplemente de un partido entre dos grandes equipos y descartó cualquier otra connotación que pueda rodear el esperado duelo internacional.

“Suiza nos llevó al límite. ¡Sufrimos!”, esas fueron las palabras en resumen de Scaloni sobre el partido de cuartos

Tras el encuentro disputado en Kansas City, el entrenador reconoció que la selección argentina afrontó un compromiso sumamente exigente ante un rival que la llevó al máximo de sus capacidades. El técnico admitió que el desarrollo del partido fue complicado debido a la intensidad física del adversario. No obstante, sostuvo que, pese a la victoria, el equipo aún tiene aspectos por corregir y consideró que resulta más favorable trabajar sobre esos detalles cuando los resultados acompañan. Asimismo, el estratega destacó que el sufrimiento forma parte del camino hacia las instancias decisivas de una Copa del Mundo y valoró el esfuerzo realizado por sus dirigidos. Señaló que alcanzar las semifinales representa un motivo de satisfacción, especialmente por el contexto que atravesó el plantel durante el último mes y medio de competencia. Finalmente, recordó que el panorama no era alentador en un principio, pero subrayó que hoy la Albiceleste celebra su clasificación entre los cuatro mejores del torneo.

Scaloni confía en sus jugadores, ya que muchos de ellos no llegaban bien, pero gracias a sus esfuerzos llegaron a semifinales

Lionel Scaloni destacó el mérito de sus dirigidos tras asegurar la clasificación a las semifinales y recordó que, hace poco más de un mes, el panorama para la selección argentina no era alentador. El entrenador resaltó que el trabajo, la entrega y el compromiso del plantel fueron determinantes para revertir ese escenario. Gracias al esfuerzo colectivo, la Albiceleste logró instalarse entre las cuatro mejores selecciones del torneo y mantener intacta la ilusión de conquistar el título. El seleccionador también dejó en claro que nunca perdió la confianza en sus futbolistas y afirmó que esa convicción fue clave para sostener el proyecto en los momentos de mayor dificultad. Explicó que, de no haber creído en el grupo, habría optado por modificar su planificación o realizar cambios importantes en el equipo. Finalmente, sostuvo que el fútbol no responde a fórmulas exactas y expresó su satisfacción por el rendimiento mostrado, considerando que el resultado obtenido refleja lo demostrado por sus jugadores en el campo.","Sun, 12 Jul 2026 21:37:53 +0000",https://elcomercio.pe/arc/outboundfeeds/rss/?outputType=xml,https://elcomercio.pe/respuestas/deportes/scaloni-pide-a-los-argentinos-ver-solo-como-un-partido-de-futbol-el-duelo-crucial-ante-inglaterra-por-las-semifinales-del-mundial-2026-tdpe-noticia/
Diego Chavarri arremete contra Ethel Pozo porque llamarlo malcriado: “Lo que pasé con Gabriela a usted no le interesa”,"Aunque La Granja VIP ya llegó a su fin, las repercusiones del reality continúan generando titulares debido a las declaraciones de sus exparticipantes. En esta oportunidad, la atención se centró en el intercambio protagonizado por Diego Chávarri y Ethel Pozo, un episodio que volvió a ser comentado tras la culminación del programa. El enfrentamiento dejó en evidencia la tensión que se vivió durante una de las galas en vivo y que aún sigue dando de qué hablar en el mundo del espectáculo. Durante aquella emisión, Ethel Pozo cuestionó la actitud de Diego Chávarri luego de que este interrumpiera en reiteradas ocasiones la conducción y respondiera de manera desafiante a las intervenciones y decisiones adoptadas por la producción. La conductora le pidió mantener el respeto durante la transmisión; sin embargo, al persistir la misma actitud, terminó calificándolo de “malcriado” en plena emisión. El momento fue uno de los más comentados de la noche y generó diversas reacciones entre los televidentes y seguidores del reality.

Diego Chavarri respondió a Ethel Pozo con respecto a dicha actitud y calificarlo de malcriado en el programa

Tras el intercambio que protagonizó con Ethel Pozo durante La Granja VIP, el exfutbolista Diego Chávarri decidió responder públicamente a los cuestionamientos realizados por la conductora. El también exparticipante del reality sostuvo que el conflicto relacionado con Gabriela era un asunto estrictamente personal y consideró que ese tema no debía ser abordado por terceros. Además, cuestionó el rol que asumió la presentadora durante el programa. Chávarri afirmó que Ethel Pozo debía limitarse a desempeñar su función como conductora y señaló que, en su opinión, no le correspondía emitir opiniones sobre la dinámica que mantenía con Gabriela. También expresó que, si ella consideraba que su comportamiento había sido irrespetuoso, él tenía una percepción similar sobre la actitud de la conductora, a quien calificó de “malcriada” y “fingida”. Sus declaraciones volvieron a generar reacciones entre los seguidores del reality y reavivaron la polémica surgida durante la emisión del programa.

“A mi no me importa quien es ella. No debe estar pendiente del 24/7” y más fue lo que dijo Diego Chavarri

En otro momento de sus declaraciones, Diego Chávarri también se refirió a Ethel Pozo y dejó en claro que, para él, su vínculo familiar con Gisela Valcárcel resulta irrelevante al momento de evaluar su desempeño profesional. “A mi no me importa quien es ella”, señaló. El exfutbolista sostuvo que ese aspecto no influye en su opinión y remarcó que cada conductor debe concentrarse exclusivamente en cumplir con su labor frente a las cámaras. Asimismo, Chávarri consideró que la presentadora no debía involucrarse en lo que ocurría con los participantes durante la convivencia permanente del reality. Según manifestó, su responsabilidad era conducir el programa y no permanecer atenta a las situaciones que se desarrollaban las 24 horas del día. Finalmente, afirmó que los asuntos relacionados con él terminaron sobrepasando el manejo de la conductora, dejando en evidencia su desacuerdo con la forma en que se abordó su participación en el espacio televisivo.

¿Cuál ha sido su trayectoria de Diego Chavarri por la cual fue considerado en la Granja Vip con Ethel Pozo?

Diego Chávarri inició su trayectoria como futbolista profesional, aunque con el paso de los años alcanzó una mayor notoriedad gracias a su incursión en la televisión de entretenimiento. Tras alejarse de las canchas, encontró un espacio en los realities de competencia, donde logró consolidar una importante presencia mediática. Su participación en programas de gran audiencia le permitió convertirse en uno de los rostros más reconocidos de la televisión peruana. A lo largo de su carrera televisiva, integró producciones como Combate y Esto es Guerra, además de participar en El Valor de la Verdad en 2019 y, recientemente, en La Granja VIP. Paralelamente, su vida personal también ha captado la atención del público debido a las relaciones sentimentales que mantuvo con conocidas figuras del espectáculo, entre ellas Melissa Klug, Shirley Arica y Katty García. Estas situaciones lo han mantenido de manera constante en la agenda de los programas de espectáculos y la prensa de entretenimiento.","Sun, 12 Jul 2026 21:38:05 +0000",https://elcomercio.pe/arc/outboundfeeds/rss/?outputType=xml,https://elcomercio.pe/respuestas/farandula/diego-chavarri-arremete-contra-ethel-pozo-porque-llamarlo-malcriado-lo-que-pase-con-gabriela-a-usted-no-le-interesa-tdpe-noticia/
Calcula tu gratificación 2026: qué monto te corresponde recibir en julio,"La llegada de julio trae consigo uno de los beneficios laborales más esperados por los trabajadores del sector privado en el país: la gratificación por Fiestas Patrias. Sin embargo, determinar la cifra exacta que debe figurar en tu boleta de pago suele generar una profunda y justificada incertidumbre debido a la inclusión de diversos conceptos remunerativos, bonificaciones extraordinarias y los posibles descuentos por días no laborados. Entender cómo se arma este pago es vital para asegurar que el empleador cumpla estrictamente con la normativa vigente y así evitar sorpresas desagradables al momento del depósito. Dedido a esto, a continuación te contamos cómo calcular correctamente este beneficio, qué factores intervienen en el monto final y qué medidas tomar ante cualquier irregularidad.

¿CÓMO SE CALCULA EL VALOR DE LA GRATIFICACIÓN?

Para saber cuánto te toca, la ley dice que debes tomar como base tu sueldo mensual vigente. El cálculo se realiza considerando el tiempo total de servicios prestados dentro del semestre; para el caso específico de julio, se computan los meses transcurridos entre enero y junio.

Si trabajaste los seis meses completos, te corresponde un sueldo completo. Si trabajaste menos tiempo, el pago será menor. Para obtener este valor, se divide la remuneración entre seis y el resultado se multiplica por la cantidad de meses efectivamente trabajados.

Es importante aclarar que, aunque la ley exige pagar por meses completos, si una empresa decide pagar también por los días trabajados, eso ya depende de cada empleador.

¿QUÉ CONCEPTOS SE INTEGRAN AL MONTO DE LA GRATIFICACIÓN?

Más allá del sueldo base, el cálculo final debe integrar otros ingresos que el trabajador recibe regularmente. Entre los componentes más relevantes destacan:

La asignación familiar, en caso de que el trabajador tenga derecho a ella.

Cualquier otra retribución fija que sea percibida de forma permanente.

Las remuneraciones de carácter variable, como comisiones, bonificaciones o sobretiempo, siempre que estas se hayan cobrado como mínimo en tres oportunidades durante el semestre.

La bonificación extraordinaria, que varía según el tipo de cobertura de salud: un 9% si el trabajador está afiliado a EsSalud o un 6.75% si cuenta con una EPS.

¿DÓNDE PUEDES REALIZAR EL CÁLCULO DE FORMA EFICIENTE?

Para simplificar este proceso y evitar errores matemáticos, existen herramientas digitales diseñadas específicamente para este propósito. Una opción confiable es la Calculadora de Gratificaciones de Buk. Esta plataforma permite ingresar datos como el sueldo base, la asignación familiar, las remuneraciones variables y el tipo de seguro de salud, obteniendo un cálculo rápido que se alinea con la normativa peruana, facilitando así la verificación del monto que te corresponde recibir.

¿QUÉ ACCIONES TOMAR ANTE UN DEPÓSITO INCOMPLETO O AUSENTE?

El incumplimiento de este pago es una falta grave sujeta a fiscalización por parte de Sunafil. Si al llegar el 15 de julio el dinero no ha sido depositado, el trabajador cuenta con los mecanismos necesarios para exigir sus derechos, sin que esto implique una renuncia a su protección.

El procedimiento para denunciar es sencillo y totalmente confidencial: el afectado debe recopilar documentos probatorios como contratos o boletas, e ingresar al portal oficial de Sunafil para registrar su caso. Este proceso no exige obligatoriamente la presencia de un abogado, y puede derivar en inspecciones laborales y sanciones pecuniarias para la empresa, las cuales, dependiendo del tamaño de la organización y el número de perjudicados, pueden superar los 130 mil soles, según explica Perú21.","Sun, 12 Jul 2026 21:34:07 +0000",https://elcomercio.pe/arc/outboundfeeds/rss/?outputType=xml,https://elcomercio.pe/respuestas/tramites/calcula-tu-gratificacion-de-julio-2026-descubre-cuanto-te-corresponde-cobrar-por-fiestas-patrias-grati-tdpe-noticia/
¿No le gustó? Así reaccionó Mbappé al nuevo balón para la semifinal del Mundial 2026 ante España | VIDEO,"Las semifinales del Mundial 2026 están próximas a jugarse y, con ello, el tradicional cambio de balón para disputar esta instancia del torneo. Francia fue una de las primeras selecciones en probarlo durante su entrenamiento previo al duelo contra España, donde Kylian Mbappé se robó todas las miradas con su espontánea reacción.

En un video difundido por el diario Marca, el delantero del Real Madrid tomó la pelota apenas la recibió y se quedó observándola durante varios segundos. Mbappé la giró con atención, examinó cada detalle del diseño y mostró un evidente gesto de sorpresa antes de comenzar a utilizarla sobre el césped.

Tras inspeccionarla, el capitán francés dejó caer el balón y ejecutó un potente remate para empezar a familiarizarse con el nuevo implemento que acompañará las semifinales y la final del Mundial 2026.

España también puso a prueba la nueva pelota

La selección española también tuvo su primer contacto con el nuevo balón durante la práctica previa al choque frente a Francia. Las imágenes mostraron a jugadores como Lamine Yamal, Mikel Oyarzabal y Mikel Merino probándolo con naturalidad y dejando buenas sensaciones durante los ejercicios de definición y circulación.

El ambiente en el entrenamiento reflejó la confianza del plantel dirigido por Luis de la Fuente, que buscará imponerse a Francia para instalarse en la gran final del Mundial.

El nuevo modelo, denominado Trionda, presenta un cambio visual respecto al utilizado durante las rondas anteriores. Su diseño combina una base negra con detalles dorados, además de acabados en rojo y rosa que le otorgan una apariencia más llamativa para la etapa decisiva del torneo.","Sun, 12 Jul 2026 21:27:03 +0000",https://elcomercio.pe/arc/outboundfeeds/rss/?outputType=xml,https://elcomercio.pe/deporte-total/futbol-mundial/no-le-gusto-la-reaccion-de-kylian-mbappe-al-nuevo-balon-para-la-semifinal-del-mundial-2026-ante-espana-video-noticia/
Renovación Popular postulará a Norma Yarrow para la Mesa Directiva de la Cámara de Diputados: entretelones de las conversaciones y acercamientos,"La postulación de la parlamentaria será impulsada por la bancada celeste para el primer período legislativo, según señalaron este jueves a El Comercio una fuente cercana al grupo y los diputados electos, el general PNP (r) José Baella y Roxana Rocha, vocera del partido.

Consultada sobre si Yarrow integrará una lista de Renovación Popular, Rocha respondió: “Es correcto”. Baella, por su parte, indicó que la intención de la agrupación es que la legisladora encabece la fórmula.

Indicó que la candidatura de Yarrow contará con el respaldo de Fuerza Popular y podría tener el apoyo del Partido Cívico Obras (PCO) y Ahora Nación (AN). En paralelo, la fuente de la bancada de RP afirmó que la agrupación mantiene conversaciones con un sector del Partido del Buen Gobierno (PBG).

De acuerdo con esa fuente, tanto el PBG como el PCO cuentan con facciones de derecha con las que esperan asegurar los votos necesarios para sacar adelante la eventual candidatura a la Presidencia.

Añadió que las conversaciones entre las agrupaciones continuarán en los próximos días.

El último miércoles, Yarrow y el líder de RP, Rafael López Aliaga, se reunieron con la presidenta electa, Keiko Fujimori. Durante el encuentro se planteó conformar un bloque entre ambas agrupaciones de derecha y se anunció la búsqueda de más aliados para crear un frente político con cuatro integrantes.

En diálogo con El Comercio, Baella aseguró que durante la reciente reunión entre Rafael López Aliaga y Keiko Fujimori, el líder de RP planteó conformar una lista de derecha junto con esas agrupaciones.

Indicó que esa propuesta deberá tomar forma en los próximos días, conforme avancen las conversaciones entre las bancadas.

“Renovación Popular apunta a que Norma sea candidata a la Presidencia para la Cámara de Diputados”, agregó.

En tanto, otra fuente señaló que al interior del Partido Cívico Obras coexisten sectores de izquierda y de derecha, que no necesariamente responden al excandidato presidencial Ricardo Belmont.

Agregó que los primeros acercamientos entre las agrupaciones de derecha se realizaron de manera extraoficial, antes y durante el programa de inducción para senadores y diputados electos.

Al cierre de esta nota, este Diario intentó comunicarse con los voceros del PBG el diputado Oscar Reto y el senador Flavio Figallo, para conocer las posturas del partido, pero no tuvimos éxito.

Una fuente de Fuerza Popular señaló a El Comercio que la prioridad de la agrupación es presidir el Senado, al considerar que esa cámara tendrá un rol clave al revisar, aprobar, modificar o rechazar los proyectos de ley enviados por los diputados, además de participar en la designación de altas autoridades, como los magistrados del Tribunal Constitucional y el contralor general de la República.

En ese escenario, los fujimoristas no descartan integrar una eventual lista encabezada por Renovación Popular para la Cámara de Diputados, junto con otras bancadas, incluso aquellas que no necesariamente comparten su misma línea política.

Consultado por este Diario, el diputado electo de Fuerza Popular César Revilla afirmó que, si Renovación Popular oficializa la candidatura de Norma Yarrow a la Presidencia del órgano parlamentario, correspondería a su bancada otorgarle el respaldo.

“Cada partido decide quién es su representante. Si RP decide ponerla en la Cámara de Diputados, y va en esa fórmula alguien de FP, se tendría que apoyar esa lista. Es decir, se apoyará disciplinadamente a la fórmula”, agregó.

Respecto de la posibilidad de que Cecilia Chacón integre una eventual lista encabezada por Yarrow, respondió que “ella es una figura representativa, pero esas decisiones las tomamos en bancada”.

Revilla añadió que Fuerza Popular buscará dialogar con todas las fuerzas políticas para la conformación de la Mesa Directiva.

“No hay problema en buscar un grupo que desee integrar la Mesa Directiva. No necesariamente la lista debe responder a una sola ideología. Puede ocurrir como pasó con Perú Libre en el Congreso unicameral: pese a ser un partido de izquierda, no hubo inconveniente en que tuviera representación en la Mesa”, señaló.

Al ser consultado sobre la posibilidad de compartir una mesa con Juntos por el Perú, respondió que “no se descarta a nadie. Las fuerzas políticas lo evaluarán, pero nadie puede gobernar solo ni una sola ideología puede estar representada en la Mesa”.

Según el Reglamento de la Cámara de Diputados, la elección de una lista para la Mesa Directiva no está sujeta a la mayoría absoluta, sino a una mayoría simple, es decir el mayor número de votos de los presentes.

“Si ninguna lista obtiene esta mayoría, se efectúa, siguiendo el mismo procedimiento, una segunda votación entre las dos listas con mayor número de votos, y se proclama a los candidatos de la lista que obtenga mayor votación”, señala el reglamento.

Por el momento, Fuerza Popular se perfila como la principal fuerza en la Cámara de Diputados con 41 escaños. Le siguen Juntos por el Perú (32), Partido del Buen Gobierno (18), Renovación Popular (15), Partido Cívico Obras (14) y Ahora Nación (10). En conjunto, estas seis bancadas reúnen los 130 diputados que integrarán la cámara.

En ese escenario, si Renovación Popular logra el respaldo de Fuerza Popular, el Partido Cívico Obras y Ahora Nación, una eventual lista para la Mesa Directiva alcanzaría 80 votos, frente a los 50 que reunirían las demás bancadas.

Si, en cambio, si solo consigue el apoyo del Partido del Buen Gobierno, sumaría 74 adhesiones, mientras que el bloque restante concentraría 56 votos.

Por el contrario, si ni Ahora Nación, ni el Partido Cívico Obras, ni el Partido del Buen Gobierno respaldan la candidatura de Renovación Popular, esa lista reuniría únicamente 56 votos, frente a otra eventual fórmula que alcanzaría 74.

Según el analista político Enrique Castillo, el acuerdo inicial entre Renovación Popular y Fuerza Popular pasa por ceder la presidencia de la Cámara de Diputados a la bancada celeste, mientras que el Senado quedaría en manos del fujimorismo.

No obstante, consideró poco probable que Ahora Nación respalde en bloque una eventual candidatura impulsada por la derecha, pues ello implicaría integrar una lista vinculada al oficialismo. Recordó que esa agrupación ha sostenido que ejercerá un rol de oposición al gobierno de Keiko Fujimori.

“Lo más probable es que la lista la presidan Renovación, FP y Obras. Hay rumores de que el Buen Gobierno también lo apoyaría. Me parecería inconsistente una alianza en la que esté Renovación con Ahora Nación”, agregó.

Castillo también consideró posible que, en medio de las negociaciones, algunas bancadas se fracturen. Añadió que quienes integren una lista promovida por el bloque conformado por Renovación Popular y Fuerza Popular evidenciarían una mayor cercanía con el gobierno.","Sun, 12 Jul 2026 21:25:00 +0000",https://elcomercio.pe/arc/outboundfeeds/rss/?outputType=xml,https://elcomercio.pe/politica/renovacion-popular-postulara-a-norma-yarrow-para-la-mesa-directiva-de-la-camara-de-diputados-entretelones-de-las-conversaciones-y-acercamientos-noticia/
Sheyla Rojas sorprende a todos al anunciar el fin de su relación con Sir Winston: “Terminamos”,"La modelo peruana Sheyla Rojas confirmó el fin de su relación sentimental con el empresario mexicanoSir Winston, poniendo punto final a una historia de amor que se prolongó por cerca de cinco años. La noticia fue revelada por la propia influencer a través de sus redes sociales.

La confirmación llegó luego de que una seguidora le consultara por la ausencia de su pareja y por su prolongada permanencia en el Perú. “Saludos Shey, pero ¿dónde está Sir Winston?, mucho tiempo en Lima, ¿qué ocurrió en México?”, fue el mensaje que recibió en Instagram.

LEE MÁS: Pedro Moral, expareja de Sheyla Rojas, reaparece como coach y genera debate con su mensaje sobre relaciones

Aunque inicialmente guardó silencio, la exchica reality respondió días después con una frase breve y contundente: “Terminamos, gracias por preguntar”. Con esas palabras, Sheyla despejó las especulaciones que circulaban en redes sociales sobre una posible crisis en su relación.

Como se sabe, el romance entre Sheyla Rojas y Sir Winston comenzó en 2021, cuando la influencer decidió establecerse en México. Desde entonces, ambos compartieron diversos momentos juntos y llegaron a hablar sobre la posibilidad del matrimonio en el futuro.

Sin embargo, durante los últimos meses surgieron señales de un posible distanciamiento. En febrero de este año, la modelo publicó mensajes relacionados con el amor propio y la necesidad de alejarse de situaciones que no le hacían bien, lo que generó rumores sobre problemas sentimentales.

CONOCE MÁS: Sheyla Rojas ironiza con una presunta pedida de mano: “Está esperando que los chanchos vuelen”

Tras anunciar su soltería, Sheyla compartió nuevas publicaciones en redes sociales que fueron interpretadas por sus seguidores como reflexiones sobre esta nueva etapa de su vida. Entre ellas destacó una frase que decía: “La gente tiene miedo de estar soltera, yo tengo miedo de malgastar mi tiempo con lo que no es mutuo”.","Sun, 12 Jul 2026 21:16:15 +0000",https://elcomercio.pe/arc/outboundfeeds/rss/?outputType=xml,https://elcomercio.pe/tvmas/farandula/sheyla-rojas-sorprende-a-todos-al-anunciar-el-fin-de-su-relacion-con-sir-winston-terminamos-ultimas-noticia/
Qué dijo Diego Chavarri sobre la relación que tiene con Gabriela Herrera,"Hace algunas semanas concluyó oficialmente ‘La granja VIP’, coronando a Shirley Arica como la ganadora de la primera temporada. Aunque durante meses los seguidores pudieron conocer de cerca el día a día de los participantes, algunos de ellos no pasaron desapercibidos debido a los constantes discusiones, entredichos y reproches que captaron la atención de más de uno. De hecho, uno de los casos que más llamó la atención fue el de Diego Chávarri y Gabriela Herrera, quienes captaron el interés de los medios y de los seguidores debido a un presunto romance que habría surgido durante su participación en la pantalla chica. A pesar de que ambos han señalado que se encuentran solteros, decidieron romper su silencio y hablar sobre el vínculo que los une. En el desarrollo de esta nota, te contamos mayores detalles al respecto.

¿QUÉ RELACIÓN MANTIENE DIEGO CHÁVARRI CON GABRIELA HERRERA?

Luego de varias semanas de especulaciones en torno a un supuesto romance entre Diego Chávarri y Gabriela Herrera mientras participaban en ‘La granja VIP’, ambos decidieron romper su silencio y hablar del controversial tema. Por ello, en la última edición del podcast ‘Ya y?’, la bailarina aclaró, en un primer momento, que está saliendo con el exfutbolista debido a la conexión natural que surgió entre ambos durante el programa de convivencia, vínculo que posteriormente optaron por trasladarlo fuera de cámaras. Sin embargo, la modelo precisó que prefiere que el proceso avance sin apuros y etiquetas, dejando abierta la posibilidad de una formalidad en el futuro.

“Nos hemos conocido de una manera bastante diferente, ahora estamos trabajando juntos, nos estamos conociendo, viendo cómo va la situación”, contó la chica reality. Por su parte, el deportista hizo oídos sordos a los comentarios de terceras personas y resaltó el buen momento que atraviesa tanto en lo personal como laboral, debido a los proyectos digitales en las que se encuentra incursionando. Además, destacó la buena química que mantiene con Gabriela, y aseguró que el espacio laboral que actualmente comparten fortalecerá aún más el vínculo entre ambos. “Estamos enfocados en lo de nosotros, sin preocuparnos ni escuchando comentarios negativos. Nos quedamos con lo bonito”, expresó.

¿QUÉ DIJO PAMELA LÓPEZ SOBRE LAS SUPUESTAS PELEAS EN ‘LA GRANJA VIP’?

A pesar de que ‘La granja VIP’ finalizó hace varias semanas, algunas concursantes han salido a diversos medios a contar más sobre esta experiencia. Este es el caso de Pamela López, una de las exconcursantes más polémicas del reality, quien reveló que se habrían producido enfrentamientos dentro de la granja que nunca fueron emitidos, ni durante las transmisiones en vivo ni a través del canal oficial de YouTube del programa. De esta manera, la trujillana no dudó en cuestionar el formato del programa, al asegurar que no se trataba de un verdadero 24/7, pues, según afirmó, existieron presuntos episodios de agresiones físicas e insultos entre sus compañeros mucho más graves que los que involucraron su caso como, por ejemplo, con Paul Michael o Shirley Arica.

“Para empezar, quiero que sepan que ese 24/7 no es 24/7; eso quiero que lo tenga claro todo el Perú. Nunca existió un 24/7. Hubo muchas cosas que han sido cortadas, que no han sido evidenciadas, posiblemente, presumo yo, para que no perjudique a otras personas. Hubo varias situaciones en las cuales creo yo que fueron cortadas porque no se hablan, cuando son cosas mucho más graves que las cosas que a mí se me señalan. Esa es mi decepción. Hubo momentos en que ha tenido que intervenir la producción para poder separar algunos conflictos que sí se fueron a las manos. Hubo presencia de la producción porque algunos granjeros se fueron a las manos y tuvo que cortarse”, sostuvo López, en declaraciones para el podcast ‘Eso Háblalo’.","Sun, 12 Jul 2026 21:12:54 +0000",https://elcomercio.pe/arc/outboundfeeds/rss/?outputType=xml,https://elcomercio.pe/respuestas/farandula/que-dijo-diego-chavarri-sobre-la-relacion-que-tiene-con-gabriela-herrera-tdpe-noticia/
¿Por qué el RENIEC ya no tramitará DNI los fines de semana?,"Según el Registro Nacional de Identificación y Estado Civil, realizó cerca de 7 188 433 trámites de DNI a través de 144 776 campañas y jornadas itinerantes en todo el país entre el 2012 y el 2 de julio de 2026. Esto ha permitido que muchas familias peruanas puedan acceder a la renovación del nuevo Documento Nacional de Identidad, ratificación de domicilio, estado civil, duplicidad, copias certificadas, entre otras. Sin embargo, recientemente muchos usuarios se han mostrado sorprendidos por la suspensión de la atención que antes se brindaba con un horario especial durante los fines de semana. Frente a esta noticia, el Reniec informó sobre los motivos que llevaron a que se tome esta inesperada medida. En el desarrollo de esta nota, te contamos mayores detalles al respecto.

¿POR QUÉ YA NO HABRÁ ATENCIÓN LOS FINES DE SEMANA, SEGÚN RENIEC?

En el contexto de la organización y ejecución de los procesos electorales, como las Elecciones Municipales y las Elecciones de Autoridades de Centros Poblados correspondientes al año 2026, el Registro Nacional de Identificación y Estado Civil anunció la suspensión de la atención al público durante los fines de semana en sus oficinas a nivel nacional, debido a la reducción presupuestaria asignada a la institución. Esta medida podría afectar a miles de peruanos que necesitan realizar con urgencia diversos trámites, ya sea para ejercer su derecho al voto o acceder a otros derechos y servicios fundamentales.

De acuerdo con la jefa del Reniec, Carmen Velarde, la insuficiencia de recursos presupuestales limita la prestación de servicios adicionales vinculados a los procesos electorales para este año, como la contratación de personal y la adquisición de materiales necesarios para la emisión del nuevo DNIe. No obstante, la entidad pública precisó que facilita trámites virtuales mediante su plataforma web, incluyendo la renovación y duplicado del documento, actualización del DNI electrónico, rectificación de datos y solicitud de actas certificadas, conforme comparte Andina.

¿POR QUÉ NO SE DEBE UTILIZAR EL DNI REPORTADO COMO EXTRAVIADO TRAS REALIZAR EL TRÁMITE DE DUPLICADO?

En medio de unas elecciones municipales, es fundamental que la ciudadanía mantenga actualizado su documento de identidad con el fin de acceder a diversos trámites tanto públicos como privados. En ese contexto, el Registro Nacional de Identificación y Estado Civil pidió a la ciudadanía mantenerse alerta ante la pérdida del DNI, debido a los graves riesgos que esto conlleva, como la suplantación de identidad, la apertura de cuentas bancarias, deudas fraudulentas, entre otros. Así, esta situación lleva a que la persona tome como primera medida presentar una denuncia en la comisaría para evitar posibles actos indebidos e iniciar el trámite de duplicado.

Sin embargo, el Reniec puso en conocimiento de la población que, tras realizar esta gestión (oficinas o virtual), el anterior documento queda anulado y pierde validez legal, aun cuando el titular lo recupere posteriormente. Y es que, según la entidad pública, utilizar el DNI declarado como perdido trae graves consecuencias administrativas debido a que este ya dejó de figurar como vigente en los registros institucionales. Finalmente, exhortó a los usuarios a recoger el nuevo DNI electrónico emitido luego del trámite de duplicado, así como emplear el documento para identificarse oficialmente en el país, conforme comparte TV Perú.","Sun, 12 Jul 2026 21:12:40 +0000",https://elcomercio.pe/arc/outboundfeeds/rss/?outputType=xml,https://elcomercio.pe/respuestas/tramites/por-que-el-reniec-ya-no-tramitara-dni-los-fines-de-semana-tdpe-noticia/
Ministro Flavio Cruz abre la puerta para la inscripción del sindicato de docentes vinculados al Movadef: Estos son los peligros,"El flamante ministro de Trabajo y Promoción del Empleo (MTPE), Flavio Cruz, no descartó que la Federación Nacional de Trabajadores de la Educación del Perú (Fenate Perú o Fenatep), el gremio de docentes vinculados al Movimiento por la Amnistía y Derechos Fundamentales (Movadef), obtenga su inscripción como sindicato.

Lee también | ¿Quién es Flavio Cruz, el nuevo ministro de Trabajo? el proceso por alimentos que afrontó y su cerrada defensa de Vladimir Cerrón

“Habría que ver. Si se cumple con todos los requisitos, tiene que reconocerse, pero si no los cumple, habrá que dar un tiempo de absolver y superarlo y si al final no se cumple, no se podría reconocer”, respondió el perulibrista a RPP.

Para Cruz, el magisterio atraviesa una profunda división entre el Sutep histórico y diversos sindicatos regionales agrupados en la Fenatep. Recordó que esta organización obtuvo su reconocimiento en el pasado, pero que posteriormente fue dejado sin efecto debido al presunto incumplimiento de requisitos o procedimientos administrativos.

“Estamos divididos porque, por un lado está el Sutep histórico que conocemos, pero hay otros Sutep regionales que no concuerdan con este Sutep histórico, hay una suerte de división. Están todos aglutinados en la Fenatep, que -en su momento -lograron su reconocimiento, pero luego también eso se dejó sin efecto, porque seguramente no se cumplieron de repente algunos requisitos o procedimientos”, expresó.

Cruz enfatizó que su despacho cumplirá con lo establecido por la ley. “Las responsabilidades sectoriales están en cumplir leyes. Si quiero flexibilizar, tendría que llevar el caso al Parlamento, y si el Parlamento lo flexibiliza, ganamos y hacemos más simple el reconocimiento. Pero hay un marco legal que en este momento va a ser complicado modificar o transformar. Hay que cumplir la ley”, explicó.

Cabe señalar que el Fenate es el sindicato fundado por Pedro Castillo, luego de la notoriedad que ganó al frente de la huelga nacional de maestros en el 2017. Caracterizados por su oposición al Sutep, el gremio derivó del Conare-Sutep, el sector radical del magisterio con dirigentes que fueron vinculados al Movadef por el Ministerio del Interior. Dicho vínculo es negado por los dirigentes.

En el 2021, apenas unos días después del inicio de la gestión castillista, la Fenate obtuvo el reconocimiento oficial del MTPE como sindicato, tras su inscripción en el Registro de Organizaciones Sindicales del Sector Público (ROSSP). Ello ocurrió durante la gestión de Iber Maraví —hoy senador electo y también vinculado al sector magisterial— al frente de dicha cartera.

Pero la suerte de la Fenate cambió luego de la caída de Pedro Castillo. Además de perder la cercanía con el gobierno, una resolución directorial del MTPE anuló, en junio del 2023, su inscripción en el ROSSP. En agosto del mismo año, otra instancia dentro del sector confirmó esa decisión.

Lee también | Claudia Sheinbaum sobre Perú: “Sí tenemos intención de recuperar la relación, (...) qué bueno que Keiko Fujimori tenga ese deseo”

En diálogo con El Comercio, el exministro del Interior Carlos Basombrío y el exviceministro del Interior Ricardo Valdez y el secretario general del Sutep, Lucio Castro, cuestionaron las declaraciones de Cruz y recordaron que el Fenate está vinculado con el Movadef, el brazo político de Sendero Luminoso.

Para Basombrío, la declaración del ministro de Trabajo “es reveladora” sobre todo para entender cuáles son sus prioridades.

El exministro del Interior sostuvo que el próximo gobierno debería revertir cualquier decisión que fortalezca a dicha organización. “Sin duda hay que evitar que eso prospere. Y si prospera con un ministro de Trabajo vinculado al extremismo radical, lo que hay que hacer es que, apenas se instale el nuevo gobierno, elimine esa decisión. No está escrita sobre piedra. En 20 días puede revertirse”, señaló.

“La Fenate es una creación de Sendero Luminoso y un órgano vinculado al Movadef [...] Su existencia es una afrenta a la sociedad peruana. Lamentablemente, sus dirigentes ya están en el Congreso y eso va a generar inevitablemente problemas”, afirmó.

Por su parte, Valdés subrayó que la Fenate surgió durante el 2017, con las protestas encabezadas por Pedro Castillo y sostuvo que fue impulsada Sutep.

“Se trata del sector de los docentes vinculados a Sendero Luminoso y, finalmente, cuando llegó Castillo al poder, el primer acto del hoy senador electo Iber Maraví como ministro de Trabajo fue oficializar el Fenate, como una manera de quitarle al Sutep su poder”, indicó.

Valdés también expresó preocupación por la presencia de figuras políticas vinculadas ese sector. “Ahora, con Maraví en el Congreso de la República y con Roberto Sánchez, que ya ha formulado oficialmente su apoyo, no se puede olvidar que se trata de un remanente de Sendero Luminoso. Me parece tremendamente peligroso que esto siga creciendo y que lo dejen pasar”, manifestó.

Finalmente, Castro señaló que el Fenate “siempre ha tenido un impedimiento para su inscripción en la parte administrativa. “Además, es de público conocimiento que el Fenate es un organismo creado por el Movadef, que - a su vez - sabemos que es el brazo político de Sendero Luminoso, que todavía existe e incluso tiene representación congresal”.

“Lo que estamos observando es que Cruz ha ingresado con una sola finalidad: asegurar la inscripción irregular y de manera exprés del Fenate y eso definitivamente es cuestionable y lo impugnaremos porque estamos convencidos que habrá irregularidades administrativas. ¿Cuántas veces se les rechazó porque en su estatuto se habla de lucha armada?”, acotó.

En tanto, en declaraciones a RCR, el exministro de Trabajo Jorge Villasante destacó que el procedimiento de inscripción de organizaciones sindicales se debe ajustar estrictamente a la normativa vigente.

Villasanyte explicó que el registro de organizaciones sindicales está sujeto a un procedimiento administrativo que debe ser evaluado por las instancias correspondientes. “Allí hay personal de carrera que eventualmente sabe su trabajo, sabe su labor y no debería ceder a presiones de esta naturaleza. Este gobierno —y creo que ese es un tema que también lo tiene que ver la comisión de transferencia del gobierno entrante— tiene que estar particularmente atento a que se puedan tomar decisiones de esta naturaleza, decisiones de última hora que puedan estar beneficiando a un determinado grupo, sacándole la vuelta a la ley. Eso no debería permitirse”, manifestó.

Villasante consideró que las comisiones de transferencia, en especial la del Ministerio de Trabajo, deben vigilar que no se otorguen registros sindicales que contravengan las normas aplicables a todas las organizaciones.

Por su parte, el exministro de Educación Idel Vexler también se pronunció sobre el tema. A través de su cuenta de X, señaló que sería “muy grave” que el nuevo titular del Ministerio de Trabajo, designado para las últimas semanas de la actual gestión, asumiera el cargo para reconocer al Fenate como sindicato.

“Sería muy grave que el nuevo ministro de Trabajo, nombrado para dos semanas de gestión, haya asumido el cargo para reconocer al sindicato radical Fenate-Movadef. El sindicato magisterial representativo de los maestros es el Sutep”, escribió.

“Muy bien que el ministro de Trabajo haya expresado que reconocerá solo a sindicatos que cumplan los requisitos. Y la Fenate-Movadef no los tiene. Esperemos que cumpla su palabra”, indicó en otra publicación.","Sun, 12 Jul 2026 21:10:00 +0000",https://elcomercio.pe/arc/outboundfeeds/rss/?outputType=xml,https://elcomercio.pe/politica/ministro-flavio-cruz-abre-la-puerta-para-la-inscripcion-del-sindicato-de-docentes-vinculados-al-movadef-estos-son-los-peligros-noticia/
WhatsApp prueba función que te hará recordar los próximos cumpleaños de tus contactos,"WhatsApp ya está desarrollando en Android la función que notificará al usuario cuando se acerque el cumpleaños de un contacto, siempre que esta persona haya introducido la fecha en el servicio de mensajería.

Según ha compartido WABetaInfo, la última actualización beta de WhatsApp para Android (versión 2.26.27.3) incluye una función, que todavía está en desarrollo y que ni siquiera está disponible para los probadores. Esta permitirá a los usuarios recibir recordatorios de los cumpleaños de sus contactos, como amigos o familiares, desde la misma aplicación.

MIRA: “Más del 90 % de la población mundial se verá afectada de alguna forma por el cáncer”, alerta la OMS

De hecho, en una versión anterior de la beta para Android, la 2.24.12.25, WhatsApp anunció una función que solicitaba a los usuarios el año de su nacimiento.

Por lo que recoge el medio especializado en WhatsApp, la aplicación introdujo esta característica por razones regulatorias, ya que en varios estados de EE. UU. aprobaron leyes de verificación de edad que exigen a las plataformas confirmar la edad de sus usuarios.

Es decir, WhatsApp comenzó a recopilar esta información para cumplir con la normativa, y ahora reutiliza ese dato para ofrecer los recordatorios de cumpleaños.

De hecho, WhatsApp está diseñando una sección dedicada a esta función donde se pueden ver las fechas de cumpleaños de todos los contactos.

Asimismo, la nueva función de recordatorios de cumpleaños depende de los propios usuarios, ya que si no introducen la fecha de nacimiento, esa sección aparecerá prácticamente vacía.

De todas formas, la ‘app’ de chat tendrá que añadir los controles de privacidad que permitan decidir si el usuario quiere compartir este dato con sus contactos, tal como sucede actualmente con las opciones ‘Hora de últ. vez y En línea’, la foto del perfil, info, enlaces y estado, que se encuentran en la sección de ‘Privacidad’.

Esta novedad en desarrollo llega tras dar WhatsApp al usuario la opción de elegir su nombre de usuario, como una forma distinta y vinculada a la privacidad para añadir a otros contactos sin tener que usar el número de teléfono.","Sun, 12 Jul 2026 21:00:00 +0000",https://elcomercio.pe/arc/outboundfeeds/rss/?outputType=xml,https://elcomercio.pe/tecnologia/redes-sociales/whatsapp-prueba-funcion-que-te-hara-recordar-los-proximos-cumpleanos-de-tus-contactos-meta-facebook-mark-zuckerberg-noticia/
Dictan 15 meses de prisión preventiva contra Jackson Mora por presunto fraude informático,"El Quinto Juzgado de Investigación Preparatoria de La Molina ordenó 15 meses de prisión preventiva contra el empresario Jackson Mora, exesposo de Tilsa Lozano, y otros siete investigados por integrar presuntamente una red criminal que vulneró los sistemas informáticos de la Municipalidad Distrital de Pueblo Nuevo, de Chincha.

El magistrado Valery Raúl Romero Palacios ordenó que Jackson Mora y sus coimputados pasen 15 meses en prisión preventiva mientras son procesados por el presunto fraudo informático. Además del exesposo de Tilsa Lozano, los implicados en el caso “Los Arquitectos del fraude” son César Antonio Nepo Zolla, Daniel Jesús Mesones Mazzini, Giovanni Jeremi Torrico Mugaburu, Fabia Carolina Reyes Salas, Roy Luis Chauca Tantalean, Fiorella Milagros Gallo Roncalla y Máximo Salomón Ojeda Cisneros.

LEE MÁS: Noelia Mora sale libre mientras Jackson Mora sigue detenido

La decisión judicial se produjo luego de evaluar los argumentos presentados por la Fiscalía y la defensa de los investigados durante la audiencia de prisión preventiva. El juez consideró que existían elementos suficientes para imponer la medida cautelar, así como riesgos procesales que justificarían el internamiento mientras continúan las investigaciones.

Inicialmente, el Ministerio Público había solicitado 18 meses de prisión preventiva para Jackson Mora y los demás implicados. Sin embargo, el juzgado resolvió imponer un plazo de 15 meses, periodo durante el cual la Fiscalía deberá profundizar las investigaciones del caso.

CONOCE MÁS: Detienen a Jackson Mora por presunto fraude millonario

De acuerdo con la investigación del Ministerio Público, Mora sería parte de una presunta red que habría participado en el desvío de cerca de S/9.9 millones mediante operaciones irregulares relacionadas con recursos públicos. La hipótesis fiscal sostiene que el grupo habría vulnerado sistemas informáticos para facilitar la ejecución de las maniobras investigadas.","Sun, 12 Jul 2026 20:58:59 +0000",https://elcomercio.pe/arc/outboundfeeds/rss/?outputType=xml,https://elcomercio.pe/lima/jackson-mora-poder-judicial-dicta-15-meses-de-prision-preventiva-contra-el-empresario-por-presunto-fraude-informatico-ultimas-noticia/
"Temblor en Estados Unidos EN VIVO hoy, 12 de julio 2026: hora exacta, magnitud y dónde fue el epicentro del último sismo vía USGS","El United States Geological Survey (USGS) mantiene vigilancia continua de la actividad sísmica en Estados Unidos este domingo 12 de julio de 2026, publicando en tiempo real datos clave como magnitud, profundidad, coordenadas del epicentro y hora exacta de cada evento. Estos registros permiten a autoridades, servicios de emergencia y ciudadanos comprobar rápidamente la ubicación y el alcance de cada movimiento telúrico mediante mapas interactivos y listados detallados. El portal del USGS es la fuente oficial para verificar lecturas y comparar series sísmicas en distintas escalas temporales.

Durante la jornada predominan temblores de baja y moderada intensidad, patrón típico en áreas donde interactúan placas tectónicas activas. California concentra buena parte de los reportes en la Costa Oeste, con réplicas y microtemblores frecuentes en sus fallas principales; Alaska y Hawái continúan mostrando actividad habitual por procesos volcánicos y tectónicos; y Puerto Rico registra sismicidad asociada a sistemas de fallas locales y a la compleja geología del Caribe. Los mapas del USGS permiten filtrar por magnitud, profundidad y distancia a ciudades como Los Ángeles, San Francisco, Seattle, Anchorage y San Juan.

Los especialistas recuerdan que la mayoría de los temblores detectados no causa daños ni se percibe a nivel poblacional, pero el seguimiento constante es crucial para detectar patrones anómalos, enjambres o eventos con potencial de impacto mayor. Monitorización continua y análisis de series temporales ayudan a identificar secuencias sísmicas y a estimar probables réplicas que, aunque rara vez anuncian en detalle un gran sismo, sí orientan la preparación de respuesta local. Los institutos sísmicos siguen evaluando datos para actualizar pronósticos y emitir alertas técnicas cuando corresponde.

Para residentes en zonas con alta sismicidad, el USGS y agencias locales recomiendan consultar fuentes oficiales, revisar mapas de peligro y mantener planes de emergencia domésticos actualizados. Tener a mano información sobre rutas de evacuación, suministros básicos y contactos de emergencia reduce el riesgo operativo durante un evento. Las herramientas digitales del USGS —incluidos mapas móviles y notificaciones— facilitan que usuarios en zonas urbanas y rurales reciban datos precisos en minutos tras cada movimiento telúrico.

Últimos temblores en Estados Unidos hoy, sábado 11 de julio de 2026

Esta cobertura seguirá las actualizaciones oficiales publicadas por el Servicio Geológico de Estados Unidos (USGS).

¿Cuál fue el último temblor reportado por el USGS?

El último sismo registrado en Estados Unidos puede variar constantemente debido a la actividad sísmica que se reporta a lo largo del día.

Por esa razón, esta cobertura EN VIVO actualiza los registros oficiales conforme son publicados por el USGS, incluyendo información sobre magnitud, epicentro, profundidad y hora exacta del evento más reciente detectado por la red sísmica nacional.

Los reportes oficiales incluyen:

Magnitud del sismo.

Hora exacta del evento.

Ubicación del epicentro.

Profundidad.

Coordenadas geográficas.

Información sobre percepción y posibles réplicas cuando corresponde.

¿Cuántos sismos ocurren cada día en Estados Unidos?

El USGS detecta diariamente decenas e incluso cientos de movimientos sísmicos de distintas magnitudes.

La mayoría corresponde a eventos menores que pasan desapercibidos para la población. Sin embargo, todos son registrados por las estaciones sismológicas y forman parte de los estudios científicos que permiten comprender mejor el comportamiento tectónico del país.

¿Por qué ocurren tantos sismos en California?

California es uno de los estados con mayor actividad sísmica de Estados Unidos debido a que se encuentra sobre el límite entre la Placa del Pacífico y la Placa de América del Norte.

La famosa falla de San Andrés forma parte de un extenso sistema de fallas activas que atraviesa el estado y que libera energía constantemente mediante pequeños, medianos y, en ocasiones, grandes terremotos.

Los especialistas consideran que California seguirá registrando actividad sísmica relevante durante las próximas décadas debido a su ubicación geológica.

¿Qué es ShakeAlert y cómo funciona?

ShakeAlert es el sistema oficial de alerta temprana de terremotos desarrollado para la costa oeste de Estados Unidos.

Su tecnología detecta un sismo en sus primeros segundos y envía advertencias automáticas antes de que las ondas sísmicas más fuertes alcancen determinadas ciudades.

Las alertas pueden recibirse mediante:

MyShake.

Wireless Emergency Alerts (WEA).

Android Earthquake Alerts.

Sistemas de emergencia estatales compatibles.

Dependiendo de la distancia al epicentro, las personas pueden recibir algunos segundos de anticipación para ponerse a salvo.

¿Cuáles son los estados de EE.UU. con mayor actividad sísmica?

Los registros históricos muestran que las regiones con más movimientos sísmicos son:

Alaska.

California.

Hawái.

Nevada.

Washington.

Utah.

Puerto Rico.

Estas zonas concentran gran parte de la actividad tectónica estadounidense debido a su ubicación geológica y a la presencia de importantes sistemas de fallas activas.

¿Qué hacer antes de un sismo?

Elaborar un plan familiar de emergencia.

Identificar zonas seguras dentro de casa.

Preparar un kit de emergencia.

Asegurar muebles, estanterías y objetos pesados.

Conocer las rutas de evacuación.

Mantener actualizados los números de emergencia.

¿Qué hacer durante un sismo?

Las autoridades estadounidenses recomiendan la estrategia:

Drop, Cover and Hold On

Agáchate.

Cúbrete debajo de una mesa resistente.

Sujétate hasta que termine el movimiento.

Además:

Mantente alejado de ventanas.

No utilices ascensores.

Evita correr mientras el suelo continúa moviéndose.

Protege tu cabeza y cuello.

¿Qué hacer después de un terremoto?

Verifica si hay personas heridas.

Revisa posibles daños estructurales.

Comprueba si existen fugas de gas.

Prepárate para posibles réplicas.

Mantente informado mediante fuentes oficiales.

Sigue las instrucciones de las autoridades locales.

¿Se pueden predecir los terremotos?

No.

Actualmente no existe ningún método científico capaz de predecir con precisión cuándo ocurrirá un terremoto, dónde se producirá o cuál será su magnitud.

Los sistemas modernos de monitoreo permiten detectar rápidamente un evento una vez iniciado y emitir alertas tempranas en determinadas regiones, pero no anticipar un terremoto antes de que ocurra.

FAQ: Preguntas frecuentes sobre los sismos en Estados Unidos

¿Cuál fue el último temblor registrado hoy en Estados Unidos?

La información se actualiza constantemente a través de los reportes oficiales del USGS. Esta cobertura incorpora los datos más recientes conforme son publicados por la agencia.

¿Qué estado registra más terremotos cada año?

Alaska suele liderar el número de sismos registrados anualmente en Estados Unidos debido a su intensa actividad tectónica.

¿California puede sufrir un gran terremoto?

Sí. Debido a la presencia de importantes fallas geológicas activas, California mantiene una actividad sísmica constante y continúa siendo una de las regiones más vigiladas por los especialistas.

¿Qué aplicación envía alertas de terremotos?

Las más conocidas son MyShake, Wireless Emergency Alerts (WEA) y Android Earthquake Alerts, dependiendo del dispositivo y la ubicación del usuario.

¿Se puede saber cuándo ocurrirá un terremoto?

No. La ciencia actual no permite predecir el momento exacto, la ubicación ni la magnitud de un terremoto antes de que suceda.

SOBRE EL AUTOR

Analista SEO especializado en creación de contenido web y coberturas de eventos en vivo, en español e inglés, sobre deportes, política, ciencia, tecnología y actualidad, para audiencias de países como México, Estados Unidos, España, etc.

Bibliografía de sismos en Estados Unidos","Sun, 12 Jul 2026 20:58:43 +0000",https://elcomercio.pe/arc/outboundfeeds/rss/?outputType=xml,https://elcomercio.pe/mag/usa/en-vivo-us/temblor-en-estados-unidos-en-vivo-hoy-11-y-12-de-julio-2026-hora-exacta-magnitud-y-donde-fue-el-epicentro-del-utimo-sismo-via-usgs-california-nnda-nnrt-noticia/
"Temblor en México EN VIVO hoy, 12 de julio 2026: hora exacta, magnitud y dónde fue el epicentro del último mismo vía SSN","El Servicio Sismológico Nacional (SSN) mantiene vigilancia activa sobre la actividad sísmica en México este sábado 11 de julio de 2026. La entidad publica en tiempo real magnitud, profundidad, epicentro y hora de cada sismo, datos que consultan a diario millones de personas en el territorio mexicano y en la comunidad mexicana residente en Estados Unidos. Este flujo continuo de información es clave para detectar cambios rápidos en la secuencia sísmica y valorar el riesgo de réplicas. Las actualizaciones del SSN ofrecen además mapas y listados que facilitan la verificación inmediata de cada evento. Mantenerse en canales oficiales ayuda a evitar rumores y reportes no contrastados.

En las últimas horas, los movimientos registrados se concentraron sobre todo en la región del Pacífico y el sur: Oaxaca, Guerrero, Chiapas, Michoacán y Jalisco sumaron la mayoría de eventos. Estas zonas están en la intersección de varias placas tectónicas, lo que explica la recurrencia de temblores de baja a moderada magnitud. También permanecen monitoreadas Colima y Baja California, donde la actividad más habitual suele ser de corta duración pero frecuente. La localización geográfica de los epicentros permite a las autoridades anticipar posibles réplicas y priorizar revisiones de infraestructura crítica.

Los especialistas señalan que la interacción entre las placas de Norteamérica, Cocos, Rivera, Pacífico y Caribe es la causa principal de la sismicidad en el país. Esta convergencia genera fallas activas a lo largo de la costa pacífica y en el sur, convirtiendo a México en una de las regiones más sísmicamente dinámicas de América. Frente a este escenario, el SSN sigue siendo la referencia oficial para datos verificados y actualizaciones en tiempo real. Los informes técnicos del organismo también sirven a universidades y centros de investigación que analizan patrones y riesgo en el corto y mediano plazo.

Protección Civil y las autoridades locales recomiendan revisar las medidas básicas de prevención: conocer rutas de evacuación, asegurar objetos pesados, y verificar el estado de instalaciones eléctricas y de gas. Estas acciones son prioritarias en municipios de alta exposición sísmica y en zonas urbanas donde la densidad poblacional eleva el riesgo de daños indirectos. Para residentes en Estados Unidos con familiares en México, seguir las cuentas oficiales del SSN y los comunicados de los consulados permite coordinar información confiable sobre afectaciones y protocolos de respuesta.

Últimos temblores en México hoy, domingo 12 de julio

Esta cobertura se actualizará durante todo el día con la información publicada por el Servicio Sismológico Nacional (SSN).

¿Cuántos sismos se registraron en México durante las últimas 24 horas?

México reporta diariamente decenas de movimientos sísmicos de distintas magnitudes. La mayoría corresponde a microsismos o eventos de baja intensidad que no son percibidos por la población y que únicamente son detectados por la red de monitoreo del Servicio Sismológico Nacional.

Sin embargo, cada registro aporta información valiosa para el análisis del comportamiento tectónico del país y permite a los especialistas evaluar la evolución de las zonas con mayor actividad sísmica.

¿Cuál fue el último temblor registrado en México hoy?

El Servicio Sismológico Nacional actualiza de forma permanente su base de datos con información detallada sobre cada movimiento telúrico detectado por su red de estaciones.

Los reportes oficiales incluyen:

Magnitud.

Hora exacta.

Epicentro.

Profundidad.

Coordenadas geográficas.

Ubicación de referencia.

¿Por qué tiembla tanto en México?

México se encuentra en una de las regiones geológicamente más activas del mundo debido al contacto entre diversas placas tectónicas.

Entre las principales destacan:

Placa de Norteamérica.

Placa de Cocos.

Placa del Pacífico.

Placa de Rivera.

Placa del Caribe.

La interacción constante entre estas estructuras provoca procesos de subducción y liberación de energía que generan miles de sismos cada año.

¿Qué estados registran más actividad sísmica?

Los registros históricos del SSN muestran que las entidades con mayor actividad sísmica son:

Oaxaca.

Guerrero.

Chiapas.

Michoacán.

Colima.

Jalisco.

Baja California.

Estas regiones concentran buena parte de los movimientos telúricos debido a su cercanía con importantes zonas de interacción tectónica.

¿Puede sentirse un sismo lejano en la Ciudad de México?

Sí.

La Ciudad de México posee características geológicas únicas debido a que gran parte de su territorio se asienta sobre antiguos depósitos lacustres.

Estas condiciones pueden amplificar las ondas sísmicas provenientes de eventos ocurridos a cientos de kilómetros de distancia, motivo por el cual algunos sismos moderados pueden sentirse con intensidad en determinadas zonas de la capital.

¿Qué es la alerta sísmica en México?

La alerta sísmica es un sistema de prevención que detecta sismos potencialmente peligrosos y emite una advertencia antes de que las ondas sísmicas más fuertes lleguen a determinadas ciudades.

El tiempo de anticipación depende de la distancia entre el epicentro y la zona que recibirá la alerta.

¿Qué hacer antes de un sismo?

Identificar zonas seguras.

Elaborar un plan familiar de emergencia.

Definir rutas de evacuación.

Preparar una mochila de emergencia.

Fijar muebles y objetos pesados.

Revisar instalaciones de gas y electricidad.

Participar en simulacros.

¿Qué hacer durante un sismo?

Mantener la calma.

Alejarse de ventanas.

Proteger cabeza y cuello.

Ubicarse en una zona segura.

No utilizar elevadores.

Seguir las indicaciones de las autoridades.

¿Qué hacer después de un sismo?

Revisar posibles daños.

Verificar fugas de gas.

Mantenerse atento a réplicas.

Consultar únicamente fuentes oficiales.

No ingresar a inmuebles afectados hasta recibir autorización.

¿Qué es un microsismo?

Un microsismo es un movimiento telúrico de baja magnitud que generalmente no es percibido por la población.

Aunque suelen pasar desapercibidos, estos eventos permiten a los especialistas conocer con mayor precisión el comportamiento sísmico de distintas regiones del país.

¿Se pueden predecir los sismos?

No.

Hasta la fecha no existe ningún método científico capaz de predecir con exactitud cuándo ocurrirá un sismo, dónde se producirá o cuál será su magnitud.

Las autoridades y los centros de investigación únicamente pueden identificar zonas de riesgo y monitorear la actividad tectónica de manera permanente.

FAQ: preguntas frecuentes sobre los temblores en México

¿Cuál fue el último sismo registrado hoy?

La información más reciente es publicada por el Servicio Sismológico Nacional conforme se detectan nuevos movimientos telúricos.

¿Qué diferencia existe entre sismo, temblor y terremoto?

Desde el punto de vista científico son el mismo fenómeno geológico. En el lenguaje cotidiano, “terremoto” suele utilizarse para eventos de gran magnitud.

¿Cuántos sismos ocurren cada día en México?

La cifra varía diariamente, aunque el SSN registra decenas e incluso cientos de movimientos sísmicos cada jornada.

¿Cuáles son los estados donde más tiembla?

Oaxaca, Guerrero, Chiapas, Michoacán, Colima y Jalisco se encuentran entre las entidades con mayor actividad sísmica.

¿La Ciudad de México puede sentir sismos originados lejos de la capital?

Sí. Las características del subsuelo pueden amplificar las ondas sísmicas y hacer perceptibles movimientos ocurridos a cientos de kilómetros de distancia.","Sun, 12 Jul 2026 20:57:05 +0000",https://elcomercio.pe/arc/outboundfeeds/rss/?outputType=xml,https://elcomercio.pe/mag/respuestas/mx/temblor-en-mexico-en-vivo-hoy-11-y-12-de-julio-2026-hora-exacta-magnitud-y-donde-fue-el-epicentro-del-utimo-mismo-via-ssn-microsismo-cdmx-nnda-nnrt-noticia/
El elenco del live-action de “Solo Leveling”: quiénes son los actores confirmados en la serie de Netflix hasta ahora,"La producción de la adaptación live-action de “Solo Leveling” para Netflix sigue avanzando y el reparto empieza a tomar forma definitiva. Así, considerando que este es uno de los proyectos más esperados del catálogo surcoreano de la plataforma de la “N” roja, cada nuevo nombre que se suma al elenco genera conversación inmediata entre los fans del anime y del manwha original. Por eso, si quieres saber quién interpretará a quién en esta versión de carne y hueso de la historia de Sung Jin-woo, préstale atención a las siguientes líneas.

Vale precisar que “Solo Leveling” se centra en un cazador, considerado el más débil de todos, que un día accede a un sistema de misiones que le otorga un poder único capaz de hacerlo crecer sin límites.

A partir de esa premisa, el relato combina mazmorras, jefes finales y gremios de cazadores con una progresión casi de videojuego, lo que ayudó a que la franquicia acumule miles de millones de visualizaciones y se vuelva un fenómeno global en plataformas como Crunchyroll.

¿QUÉ ACTORES YA ESTÁN CONFIRMADOS EN LA SERIE LIVE-ACTION “SOLO LEVELING”?

1. Byeon Woo-seok como Sung Jin-woo

Tal como confirmó Netflix en julio del 2025, Byeon Woo-seok encabeza el live-action de “Solo Leveling” en el papel de Sung Jin-woo, el cazador de rango E que termina convirtiéndose en el más poderoso de todos.

Previamente, el actor ha sido parte de de títulos como “Una chica del siglo XX”, “Corredora encantadora”, “Recuerdos de juventud”, “Nam-soon, una chica superfuerte”, “La corona perfecta” y “Soulmate”.

2. Han So-hee como Cha Hae-in

Por otro lado, Han So-hee fue reportada por Naver como la encargada de darle vida a Cha Hae-in, la única cazadora de rango S de Corea dentro de la historia.

Cabe resaltar que la actriz ya es conocida por el público de Netflix gracias a proyectos como “Mi nombre” y “El monstruo de la vieja Seúl”.

3. Kang You-seok como Yoo Jin-ho

Soompi anunció, por su parte, que Kang You-seok se suma como Yoo Jin-ho, el cazador de rango D que se convierte en el mejor amigo de Jin-woo.

¿Y la trayectoria del artista? Pues, incluye: “Black Knight”, “Manual para residentes” y “Law and the City”.

4. Cha Woo-min como Baruka

Respecto a Cha Woo-min, él fue confirmado por Naver en el papel de Baruka, el líder de los elfos de hielo dentro de la trama.

En los créditos del intérprete, destacan producciones como “Un héroe débil” y “Los desenredos del amor”.

5. Kang Mi-na

Finalmente, Kang Mi-na, según Naver, ya forma parte confirmada del elenco, aunque su personaje todavía no ha sido revelado de forma oficial.

Sin embargo, los fans especulan que podría tratarse de Sung Jin-ah, la hermana menor del protagonista.

Sea como sea, antes de “Solo Leveling”, la actriz participó en el thriller de terror “Si los deseos mataran...” y tuvo un papel protagónico en “Los desenredos del amor”.

¿Te apasionan las series y películas? Sigue nuestro canal en WhatsApp para recibir las novedades más comentadas directamente en tu celular 👉 Únete aquí","Sun, 12 Jul 2026 20:09:28 +0000",https://elcomercio.pe/arc/outboundfeeds/rss/?outputType=xml,https://elcomercio.pe/mag/fama/que-ver/solo-leveling-los-actores-seleccionados-como-los-protagonistas-de-la-adaptacion-live-action-del-anime-netflix-nnda-nnlt-noticia/
La FFF denuncia el “tufo de racismo intolerable” de Rajoy sobre la selección francesa,"El presidente de la Federación Francesa de Fútbol (FFF), Philippe Diallo, criticó este domingo las declaraciones del expresidente del Gobierno español Mariano Rajoy sobre la selección francesa, también conocida como los ‘Bleus, por tener un “tufo de racismo intolerable” y ser contrarias a la realidad del equipo nacional.

“Las palabras de Mariano Rajoy evocando al equipo de Francia contienen un tufo de racismo intolerable”, afirmó Diallo en un mensaje publicado en redes sociales, en el que denunció “el detestable clima que genera tales hedores”.

PUEDES VER: Indignación en Francia: Políticos denuncian “racismo” de expresidente español Mariano Rajoy por artículo sobre la selección de fútbol

El dirigente de la FFF defendió la identidad de los jugadores de los Bleus y rechazó cualquier cuestionamiento sobre su nacionalidad: “Nuestros jugadores no tienen por qué recibir ningún certificado de nacionalidad de un expresidente español. El equipo de Francia es el equipo de Francia”, afirmó.

Las declaraciones de Diallo se producen después de que Rajoy escribiera en una columna en un diario digital que la selección francesa tiene “un altísimo nivel, eso sí, sin franceses”, una frase que provocó una oleada de críticas en Francia.

El Gobierno francés calificó las palabras de “absolutamente inaceptables” y “aberrantes”. El ministro del Interior, Laurent Nuñez, afirmó que no reflejan “en absoluto lo que es Francia” y defendió que el país es “una República de diversidad” en la que todos deben poder encontrar su lugar.

La polémica se suma a otros ataques recientes contra jugadores de la selección francesa por sus orígenes, en particular contra su capitán, Kylian Mbappé.

La senadora paraguaya Celeste Amarilla cuestionó al delantero francés por sus raíces africanas, unas declaraciones que también provocaron una amplia condena en Francia.

La ministra Éléonore Caroit aseguró que, “ya vengan de una senadora paraguaya o de un expresidente español”, todos los ataques racistas contra los ‘Bleus’ son “inaceptables”. “Todos los jugadores del equipo de Francia son franceses. Punto final”, afirmó.","Sun, 12 Jul 2026 20:45:33 +0000",https://elcomercio.pe/arc/outboundfeeds/rss/?outputType=xml,https://elcomercio.pe/mundo/europa/mariano-rajoy-la-fff-denuncia-el-tufo-de-racismo-intolerable-de-rajoy-sobre-la-seleccion-francesa-philippe-diallo-francia-espana-ultimas-noticia/
“Re:ZERO -Starting Life in Another World-” lidera la lista: los ganadores de los Spring Anime Awards 2026 de AniTrendz,"Terminó la primavera japonesa y con ella llegó el veredicto de aquellos que siguen los animes de cerca. Así, el portal AniTrendz publicó los resultados de sus Spring Anime Awards 2026, una entrega de premios que reúne el voto de toda una comunidad para definir qué títulos, personajes y canciones marcaron la pauta entre abril y junio de este año. De esta manera, la lista incluye desde la serie que se llevó el máximo reconocimiento de la temporada hasta categorías mucho más específicas.

Vale precisar que estos galardones no dependen de un jurado especializado, sino de la votación abierta de la audiencia de AniTrendz.

Esto convierte a los premios un termómetro bastante fiel de qué está viendo y comentando realmente el público en plataformas como Crunchyroll.

¿QUIÉN GANÓ EL PREMIO A ANIME DE LA TEMPORADA?

El galardón principal, Anime de la Temporada, fue para “Re:ZERO -Starting Life in Another World-” en su cuarta entrega, producida por el estudio White Fox.

Además, la producción dominó en otras categorías específicas, quedándose con el título de Favorita de Fantasía y Favorita de Misterio / Psicológico, así como Personaje Masculino Favorito (Subaru Natsuki) y Tema de Cierre Favorito (“Ender Ember”, interpretado por MYTH & ROID junto a TK).

¿QUÉ OTRO ANIME SE LLEVÓ UN PREMIO PRINCIPAL?

La categoría de Nuevo Anime de la Temporada reconoció a “Witch Hat Atelier”, proyecto producido por el estudio BUG FILMS.

Aquí, en un mundo donde solo las brujas pueden usar magia y deben evitar ser vistas mientras la practican, seguimos a Coco, una joven que sueña con convertirse en bruja.

LOS OTROS ANIMES QUE GANARON EN LOS SPRING ANIME AWARDS 2026

“I Made Friends with the Second Prettiest Girl in My Class”: Umi Asanagi se llevó el trofeo de Personaje Femenino Favorito, la pareja Maki x Umi ganó Pareja / Ship Favorito y la serie también fue elegida como la Favorita de Romance.

“Marriagetoxin”: producción de Bones Film que ganó como Favorita de Comedia y además se quedó con Tema de Apertura Favorito gracias a “Kill or Kiss”, a cargo de Yurina Hirate.

“Wistoria: Wand and Sword” - Temporada 2: se impuso como Favorito de Acción / Aventura con la continuación del viaje de Will Serfort.

“Dr. Stone: Science Future” - Parte 3: ganó en la categoría Favorito de Ciencia Ficción / Mecha.

“Agents of the Four Seasons: Dance of Spring”: se quedó con el premio a Favorito de Drama.

“Botan Kamiina Fully Blossoms When Drunk”: fue elegido como Favorito de Vida Cotidiana.

¿Te apasionan las series y películas? Sigue nuestro canal en WhatsApp para recibir las novedades más comentadas directamente en tu celular 👉 Únete aquí","Sun, 12 Jul 2026 20:43:12 +0000",https://elcomercio.pe/arc/outboundfeeds/rss/?outputType=xml,https://elcomercio.pe/mag/fama/que-ver/rezero-starting-life-in-another-world-lidera-la-lista-los-ganadores-de-los-spring-anime-awards-2026-crunchyroll-nnda-nnlt-noticia/
¿A qué hora empiezan los partidos por las semifinales del Mundial 2026?,"El Mundial 2026, que se lleva a cabo en Estados Unidos, México y Canadá, se encuentra en su recta final y muchas selecciones continúan enfrentándose para lograr el máximo objetivo que es ganar el ansiado trofeo de la FIFA. Por ello, en esta etapa decisiva de la competencia, los equipos buscan mostrar su mejor nivel y sus principales figuras suelen destacar en el campo, impulsadas por el incondicional apoyo de los hinchas que viven con intensidad esta gran fiesta del fútbol. Así, tras disputarse los cuartos de final, España, Inglaterra, Francia y Argentina disputarán las semifinales en emocionantes encuentros que prometen mantener a millones de aficionados al borde de sus asientos y en suspenso. En el desarrollo de esta nota, te contamos mayores detalles al respecto.

¿QUÉ SELECCIONES DISPUTARÁN LAS SEMIFINALES DEL MUNDIAL 2026?

Lo que hace aún más atractivas estas semifinales del Mundial 2026 es que las cuatro selecciones clasificadas ya saben lo que significa levantar el trofeo más importante del fútbol. Por ello, especialistas del deporte y aficionados anticipan encuentros de alto nivel, marcados por la intensidad, la experiencia y el talento de sus protagonistas en el campo. Sin embargo, el camino hacia las semifinales no fue sencillo, Francia fue la primera en asegurar su clasificación tras imponerse por 2-0 a Marruecos en los cuartos de final. Con una destacada actuación de Kylian Mbappé, quien abrió el marcador en la segunda mitad, y un tanto de Ousmane Dembélé para sentenciar el encuentro, el conjunto dirigido por Didier Deschamps selló su boleto a la siguiente ronda.

Otra selección que se metió en esta etapa final del Mundial 2026 es España tras imponerse por 2-1 a Bélgica. Fabián Ruiz adelantó a la ‘Furia Roja’, Charles De Ketelaere igualó el marcador antes del descanso y, en los minutos finales, Mikel Merino anotó el gol del triunfo que selló la clasificación del conjunto español a las semifinales. Asimismo, Noruega e Inglaterra protagonizaron uno de los encuentros más emocionantes de los cuartos de final. Andreas Schjelderup adelantó al conjunto noruego, pero Jude Bellingham lideró la reacción inglesa con un doblete que permitió remontar el marcador y sellar la victoria por 2-1. Y el último en clasificar fue Argentina que avanzó tras superar 3-1 a Suiza en un intenso encuentro, conforme comparte Fútbol Peruano.

¿A QUÉ HORA Y CUÁNDO INICIAN LOS PARTIDOS POR LAS SEMIFINALES DEL MUNDIAL 2026?

A continuación, te presentamos todo lo que debes saber respecto a los partidos que se llevarán a cabo en semifinales del Mundial 2026:

Francia vs. España

Día: 14 de julio

Hora: 2:00 p. m.

Estadio: Dallas Stadium (Estados Unidos)

Canal: Disney+, Paramount+, América TV, América TV GO, DirecTV Sports y DGO

Inglaterra vs. Argentina","Sun, 12 Jul 2026 20:33:54 +0000",https://elcomercio.pe/arc/outboundfeeds/rss/?outputType=xml,https://elcomercio.pe/respuestas/deportes/a-que-hora-empiezan-los-partidos-por-las-semifinales-del-mundial-2026-tdpe-noticia/
"Julio Granda: “Una cosa es saber mover las piezas, y otra, entender el ajedrez”","MIRA TAMBIÉN: Mériam Korichi: “La filosofía clarifica el pensamiento”

En nuestra conversación, Granda reconoce que ese juego entre Fischer y Spassky fue determinante en su vida. “En el mundo, la Guerra Fría generaba rivalidades económicas, espaciales, armamentísticas, ideológicas. De pronto, aparecieron dos jugadores representando a cada régimen, ambos con mucho carisma”, recuerda el jugador camanejo, quien viajó a Islandia solo para tomarse una foto en la tumba de Bobby Fischer. “Sin conocerlo, fue mi mayor referente en el ajedrez”, comenta. Lo curioso es que Granda pensaba que todos en ese país serían fanáticos como él. Se equivocó: entre los islandeses, Spassky tiene más popularidad.

—¿Hoy se extrañan esos grandes acontecimientos del ajedrez que pueden generar vocaciones como la tuya...?

Sí. Lamentablemente, se ha perdido esa situación extraordinaria que generaba un campeonato mundial. Los últimos duelos con gran expectativa fueron Kasparov y Karpov. A partir de ahí, por más que tengamos un gran fenómeno como Magnus Carlsen, ya no existe esa expectativa global. Es el mundo que tenemos. Todo es rápido, ligero, inmediato.

—¿En tu libro, el tablero y el campo de Camaná parecen dos escenarios mentales. ¿Uno es la continuación del otro? ¿Camaná es el lugar del que hay que salir para siempre volver?

Así ha sido mi vida, ¿no? He vivido en el extranjero desde muy pequeño. Mi primer viaje fue en 1979, cuando tenía 12 años. Luego, ya con familia, nos fuimos a vivir en España. Pero todos los años de mi vida, por lo menos un tiempito, estaba en Camaná. Hay un vínculo con el campo. Teníamos un montón de limitaciones, no teníamos ni corriente eléctrica ni agua potable, pero éramos felices. Mi padre tenía sus propias tierras, no faltaba la comida. Si faltaba dinero para comprar carne, te ibas a una acequia y podías sacar camarones. ¡Y qué camarones! Camaná tenía eso, es un valle bastante fértil. Y creo que con el tablero de ajedrez forman un binomio indisoluble.

“Según he leído, se han escrito más de 100.000 libros de ajedrez. Es una barbaridad. Y se seguirán escribiendo muchos más”.

Julio Granda | Ajedrecista, gran maestro internacional

—¿Hablemos del título de tu libro: hay una gran diferencia entre un “manual para jugar ajedrez” y una “guía para ser un maestro”. ¿La idea es pensar en grande?

Si este libro se hubiera publicado en otro contexto, el título sonaría hasta pretencioso. Sin embargo, con toda la información que disponemos ahora, ya no hay que explicar a los niños el movimiento de las piezas. Eso lo pueden aprender con relativa facilidad. Esta es una guía para niños que ya saben moverlas, y que quieren entender más del ajedrez. Siempre digo que una cosa es saber mover las piezas, y otra cosa entender el ajedrez.

—Siempre desdeñaste los manuales de ajedrez. ¿Por qué publicar un libro propio?

A mí los libros no me atraían. En la antigua Yugoslavia publicaban semestralmente la revista “El informador ajedrecístico”, en la que ponían las partidas. Todo eso me parecía chino. Era una cosa espantosa tanto jeroglífico. Kasparov publicó hace algunos años un libro muy interesante: “Mis geniales predecesores”. Allí no solo ponen las mejores partidas de la historia, sino que aporta anécdotas que lo vuelven muy entretenido. Ese tipo de libros sí me atraen. Según he leído, se han escrito más de 100.000 libros de ajedrez. Es una barbaridad. Y se seguirán escribiendo muchos más. El ajedrez es un océano, y si no tienes una guía, ¿cómo navegarlo? Este libro pretende, de una manera entretenida, que los niños vayan captando la lógica y la belleza del ajedrez.

—¿Te imaginaba tímido y taciturno. Pero ahora te veo en plataformas de You Tube, dando conferencias TED, con la emoción de comunicar. ¿Qué cambió?

Las circunstancias. En realidad, nunca quise dedicarme al ajedrez. Empecé muy pequeño y los primeros resultados me empujaban a seguir en ello, de una manera casi automática. Probablemente, si hubiera tenido algún objetivo más alto, probablemente hubiera conseguido un mejor logro. Pero yo seguía por inercia. Me divertía y creo que desarrollé muy pequeñas dotes competitivas. Pero siempre fui reacio para la cuestión técnica. Cuando compites a alto nivel, debe haber un rigor científico. Y esa es una disciplina que nunca tuve. Luego de competir tantos años y de volver de España, me puse a pensar qué hacer. Ya era muy difícil mantenerme en la competencia. Y vi la alternativa de Internet. Me parecía un poco lejana, pero llegó la cuarentena del COVID y no había otra alternativa. Mis hijos me ayudaron a empezar esta aventura.

—Planteas en tu libro jugar ajedrez “a la peruana”, basándote en la intuición, la improvisación, la escasez de recursos...

La vida y las circunstancias me han condicionado a tener un estilo. Y evidentemente, lo que tú absorbes del país, te marca: la improvisación, sí, pero también la creatividad. Y en mi caso, siempre habrá escasez, dificultades que sorteas con buena actitud, porque no vas a conseguir nada con quejas. De chiquito absorbí que uno tiene que saber adaptarse a lo que tiene. Mi abuelo decía: “Lo que no hay, no hace falta”. Y mi padre lo repetía.

—¿Dónde radica la belleza de una jugada en el ajedrez?

Cuando hay una idea escondida, que se reflejará cinco o seis jugadas después. Un simple movimiento de peón aparentemente insignificante, cuyo sentido adviertes luego. Ahí te quedas con una sensación de placer.

—¿Qué explica la tendencia de que los ganadores y los grandes maestros son cada vez más jóvenes? Pienso en el argentino Faustino Oro, gran maestro a los 12 años?

Es consecuencia de los tiempos que vivimos. Tenemos toda la información, las herramientas, el Internet. El proceso de aprendizaje es mucho más rápido. Todo el día están jugando, y ante cualquier duda, van a la máquina. Entre todos estos portentos nuevos por supuesto incluimos a Faustino Oro, con quien jugué el año pasado en un torneo en Madrid. Tiene un juego tan profundo, tan preciso, que parece que juegas como la máquina.

—¿Te hubiera gustado contar con esas facilidades en tu juventud?

Siempre hay la especulación retrospectiva. Creo que yo no serviría para esta vorágine actual. Soy del campo, me gustan las cosas más calmadas. Pero sí me hubiera gustado de pronto nacer en otra época, en los años de Capablanca, por ejemplo. Poder enfrentarme a esos jugadores que no estaban regidos por la información.","Sun, 12 Jul 2026 20:33:37 +0000",https://elcomercio.pe/arc/outboundfeeds/rss/?outputType=xml,https://elcomercio.pe/eldominical/julio-granda-una-cosa-es-saber-mover-las-piezas-y-otra-entender-el-ajedrez-noticia/
Letras de la patada: los libros fundamentales sobre fútbol que todo fan del deporte rey debe tener en su biblioteca,"Si la Copa del Mundo resulta una religión, “Historia de los Mundiales de Fútbol” de Brian Glanville es su biblia indiscutible. Su autor, un inglés gruñón, de humor ácido y opiniones terminantes, asistió a una docena de etapas finales del torneo más importante del planeta y cada cuatro años aumentaba un sustancioso capítulo a este libro capital, repleto de datos sabrosos, de juicios arbitrarios (su inclinación por los equipos europeos llega a ser escandalosa) y escrito por una pluma que rezuma oficio e imaginación descriptiva: no hay nada más complicado que narrar un libro sostenido especialmente en partidos de fútbol y lograr que cada uno sea distinto para el lector. Glanville lo logra, especialmente en los primeros mundiales que cubrió. Su prestigio es tal que ha sido considerado como el mejor escritor de fútbol de la historia. ¿Lo es? Cuando Glanville comenzó tenía pocos contrincantes de peso que le pudieran hacer sombra. Hoy en día, son legión: los cultores literarios del Deporte Rey se han multiplicado por todo el orbe y cada año entregan una copiosa cantidad de títulos imprescindibles.

MIRA: Sarah Bernhardt, la diva que cobró una fortuna en soles de plata para presentarse en el Perú y paralizó la capital tras la guerra con Chile

Es curioso que uno de los libros de fútbol más emblemáticos no haya sido compuesto por un escritor, sino por un arquero. Me refiero a “Tarjeta roja”, de Harald Toni Schumacher, llamado el Monstruo de Sevilla a raíz del salvaje foul con el que dejó fuera de combate al francés Patrick Battiston en dicha ciudad. Se trata de una autobiografía que tiene un doble mérito. El primero, mostrar con una honestidad suicida y minuciosa el verdadero rostro del mundo de los jugadores, los dirigentes y las imposiciones comerciales de las grandes marcas; el segundo, perfilar la carrera de un guardameta brillante, temperamental, de una rara sensibilidad, que perdió dos finales mundialistas pero consiguió instaurar un estilo y una personalidad inconfundible, ser titular durante casi una década en una de las selecciones más exigentes y volverse una leyenda que por momentos es épica y por otras muy negra. Demasiado humano, en suma.

Desde hace varios años, cuando se hablaba sobre fútbol y literatura es inevitable mencionar “Fiebre en las gradas” de Nick Hornby como una suerte de Santo Grial del género. No hay duda de que es un libro bellamente trabajado, con tramos muy sentidos y una inteligencia emocional desusada. Es, además, innovador: su juego de combinar su experiencia como hincha del Arsenal con su infancia, su aprendizaje adolescente y los desconocidos desafíos de la juventud consigue una coherencia tal que entendemos el fútbol no como evasión de la realidad, sino complemento ontológico de nuestra esencia misma (y aquí entre nosotros ha generado algunos epígonos; el más destacable de ellos es el periodista Juan Carlos Ortecho, quien describe el lado B de los años setenta en el Perú en su recomendable “La fe de ayer”).

No hay que mudarse de idioma para encontrar crónicas futboleras de primer orden, y los lectores de “El partido (del siglo)” lo saben. El argentino Andrés Burgo edifica un auténtico canto de amor al fútbol al reconstruir, mediante infinidad de entrevistas, recortes, fuentes secundarias y de primera mano, todos los entretelones del encuentro que la Argentina de Maradona y la Inglaterra de Shilton disputaron por los cuartos de final de México 86 en el Estadio Azteca. El rigor, objetividad y prosa elegante y despojada de este volumen lo convierten en una obligación para cualquier estudiante de periodismo deportivo o para cualquier amante del fútbol, a secas. Luego de leerlo, es indispensable continuar la dosis con otro libro de Burgos (en colaboración con Alejandro Wolff): “El último Maradona”, que examina la deriva del Pelusa en el Mundial del 94 y su infame doping por efedrina, abismo del que nunca logró salir del todo.

Hablando de Maradona, es imposible resistirse a incluir en esta lista “Yo soy el Diego”, su autobiografía, que a diferencia del libro de Burgo carece de todo rigor, contiene mentiras flagrantes y un sesgo del tamaño de la Bombonera. Pero qué importa: sus páginas capturan la entrañable elocuencia del capitán histórico de la celeste y blanca y nos ofrecen un dudoso pero ameno testimonio de parte consagrado a su glorificación, victimización, a justificar sus pretensiones de inmortalidad y en dejar bien en claro su rebeldía ante los poderosos. Luego publicó unas memorias sobre la gesta del 86, “Así ganamos la Copa”, que son más de lo mismo, pero con menos encanto.

Sería un sacrilegio no mencionar en este recuento al inglés Jonathan Wilson, firmante de dos libros canónicos: “Ángeles de caras sucias”, lúcida historia del fútbol argentino, y sobre todo “La pirámida invertida”, un recorrido por la evolución táctica del fútbol, desde la anarquía de sus inicios hasta la cada vez mayor sofisticación de las últimas décadas. Lo fascinante de este texto es que podemos comprender cada opción táctica como la búsqueda de una identidad definida, como un manifiesto cultural y antropológico que engloba mucho más que una eficiente fórmula para ganar un partido.

¿Y cómo van las cosas por casa? En el Perú la literatura deportiva se encuentra todavía en agraz. Hay sin duda algunos autores prometedores o que ya han dado muestras de intuición afortunada y talento, pero también prevalecen los prejuicios atávicos que condenan al fútbol (y a cualquier deporte en general) a un tema menor. Ilusos. Olvidan quizá el recio poema de Alberti al golero húngaro Platko, que con la cabeza ensangrentada defendió su arco hasta la victoria, o el conmovedor “Polirritmo dinámico a Gradín, jugador de football”, de Juan Parra del Riego, o el extraño ensayo de Pasolini sobre el fútbol de poesía y el futbol de prosa, o la memorable crónica de Antonio Cisneros sobre sus desventuras viendo a Perú en el Mundial de 1982 mientras residía en Amsterdam. Nos faltan crónicas que no traten de los mismos asuntos (las pocas veces que fuimos a la Copa del Mundo, el campeonato de América de 1975), biografías de los jugadores que hicieron vibrar al respetable en escenarios propios y ajenos (Seminario, Cubillas, Uribe) y tanto más. En estos predios hay todavía muchísimo que hacer.

Estos son los libros que recomendamos para armar la biblioteca pelotera:","Sun, 12 Jul 2026 20:32:31 +0000",https://elcomercio.pe/arc/outboundfeeds/rss/?outputType=xml,https://elcomercio.pe/eldominical/actualidad/los-mejores-libros-sobre-futbol-que-todo-fan-del-deporte-rey-debe-tener-en-su-biblioteca-mundial-2026-que-leer-noticia/
En la sala de espera: el complejo camino de regreso de María Corina Machado,"La caída del dictador trajo un soplo de esperanza para la oposición. Machado esperaba regresar a Venezuela por la puerta grande, aupada por los estadounidenses y legitimada por una población que había votado por su proyecto político en las elecciones del 2024, que el chavismo arrebató.

LEE: ¿Se acabó la pugna o es solo una tregua? Los vaivenes entre Trump y Sánchez reflejan la compleja relación entre EE.UU. y España

Sin embargo, la historia no ha seguido el guion que tenía previsto. La política de 58 años no puede volver a su país porque no solo se lo impide el régimen dirigido ahora por Delcy Rodríguez, sino porque no cuenta con el visto bueno de Washington, que tiene otros planes para Venezuela. Unos en los que, por ahora, no está incluida.

Antes de los terremotos del pasado 24 de junio, Machado aún se contenía. Pero tras la tragedia, la exlegisladora está decidida a volver. “Estoy absolutamente convencida de que, para facilitar el avance de un proceso de transición, mi presencia (en Venezuela) contribuye”, ha dicho en recientes entrevistas, tras dos infructuosos intentos que han puesto en evidencia los desencuentros entre la política opositora y la administración Trump.

Según fuentes de “The Wall Street Journal”, Machado viajó primero desde Estados Unidos hacia Curazao en un vuelo privado, pero el avión fue obligado a regresar debido a presiones de funcionarios estadounidenses, quienes le dijeron que si seguía adelante con su plan corría el riesgo de perder el apoyo del gobierno. Pese a ello, lo intentó por segunda vez vía Panamá, pero Copa Airlines se negó a llevarla por miedo a represalias.

“La postura de Washington es no permitirle el regreso a Venezuela en el corto y el mediano plazo”, afirma a El Comercio José Enrique Arrioja, editor gerente de la revista Americas Quarterly. El experto sostiene que esto forma parte de la hoja de ruta definida por la administración Trump para el país caribeño, que supone este orden: estabilización, reconstrucción y reconciliación, y transición democrática.

Desde que Maduro fue sacado del poder, se esperaba que EE.UU. condujera una transición y que la cúpula del chavismo fuera desmantelada, pero no ha sido así. La compleja estructura del régimen venezolano continúa y Delcy Rodríguez cuenta con el beneplácito de Trump, pues ha accedido a los diferentes acuerdos comerciales y energéticos exigidos por EE.UU. “Rodríguez y su grupo de acólitos están en una transición existencial, pues están tratando de mantenerse en el poder sin importar el costo. Ellos están intentando perpetuar su proyecto político más allá del 2030 y eso implica esta relación simbiótica con Estados Unidos”, agrega Arrioja desde Nueva York.

“Hay que tener presente que el chavismo sigue dominando las instancias de poder en Venezuela. El poder político y las nuevas relaciones con Estados Unidos están encabezadas por los hermanos Rodríguez, y eso es algo que no se puede ignorar”, dice a este Diario Andrés Felipe Agudelo, profesor del programa de Ciencias Políticas de la Universidad de La Sabana, en Bogotá.

""Yo no le dije a nadie que no regresara. ¿Cómo le voy a decir eso? Ella [Machado] es increíble, una persona maravillosa"".

Donald Trump, presidente de Estados Unidos

Según el portal Axios, que suele tener acceso a información especial dentro de la administración Trump, el gobierno considera que los intentos de Machado de regresar a Venezuela son un “acto de grotesco oportunismo político” en medio de la tragedia. Otros dos altos funcionarios le revelaron a la agencia AP que la administración se está sintiendo cada vez más frustrado con Machado y su decisión de regresar en momentos en que deben enfocarse en la ayuda humanitaria y en la reconstrucción tras los terremotos.

Y no solo lo han dicho de forma anónima, sino también de manera oficial: “Añadir cuestiones políticas sensibles a la situación en este momento es contraproducente para nuestros esfuerzos de respuesta tras esta tragedia”, declaró a la AFP el miércoles un portavoz del Departamento de Estado.

Sin embargo, el propio Donald Trump dijo que no estaba al tanto de la situación y que él no había dado ninguna orden prohibiendo el regreso de Machado a Venezuela. “Puede que el presidente diga eso, pero el mensaje subliminal de parte de la administración siempre ha sido que aún no es momento de regresar”, reflexiona Arrioja.

¿Por qué no le convendría a Washington que Machado regrese a Venezuela? Según Arrioja, tiene que ver con los costos de la negociación pues Estados Unidos ya está trabajando con el gobierno liderado por Delcy Rodríguez y no consideran que sea el momento adecuado para también negociar con Machado y el grupo opositor que ella representa. “Ella es una pieza con suficiente peso y autoridad moral para estar también en la mesa de negociaciones sobre el nuevo futuro que se está gestando para Venezuela, pero Washington no quiere tener otro elemento adicional con el cual lidiar en un momento de alta fragilidad en el país”, comenta Arrioja.

Para Agudelo, es importante que Machado no pierda el diálogo con EE.UU., pese a que tiene unos tiempos políticos distintos a los de Washington. “Ella debe ser muy cuidadosa de esa interacción y debe mantenerla, pues sin el respaldo norteamericano no podrá continuar con su propio proyecto político”.

En los planes norteamericanos también estarían otros nombres. Poco antes del terremoto, hubo conversaciones auspiciadas por Washington entre otra figura de la oposición en el exilio, Dinorah Figuera, y el actual presidente del Legislativo y hermano de la mandataria, Jorge Rodríguez, uno de los principales operadores del régimen.

54%

de los venezolanos tiene una imagen positiva de María Corina Machado, según el último reporte Latam Pulse para AtlasIntel y Bloomberg. Delcy Rodríguez suma 23%.

La premura de Machado es comprensible. Ella sabe que cuanto más tiempo lleve fuera de Venezuela le será más difícil reconectarse con su base, así como ocurrió con anteriores líderes de la oposición que huyeron del país.

“No poder regresar a Venezuela la coloca en una situación muy incómoda pues está en una especie de cárcel virtual, porque la deja fuera del país incapaz de continuar haciendo la labor política que venía realizando. Aunque hay líderes importantes en la oposición, ninguno tiene el calado de María Corina y ella sabe que su momento como lideresa se va desvaneciendo cada día que ella permanece fuera de Venezuela”, explica Arrioja.

Sin embargo, su regreso tampoco significaría una fuerza abrumadora de movilización social contra el chavismo, pese al descrédito del régimen ante la opinión pública, sobre todo después de los terremotos que han demostrado la inoperancia y corrupción del gobierno.

“Hay que tener en cuenta la profunda polarización de la sociedad venezolana. Si bien el chavismo no es el mismo y hay un gran rechazo, todavía tiene un porcentaje considerable de adeptos. El eventual regreso de Machado también implicaría un escenario de polarización, dependiendo de cuándo y cómo regrese”, sostiene Agudelo.

“El régimen sin duda teme su regreso porque es la política con mayor capacidad de movilización social, pero tampoco su llegada va a ser tomada como el retorno de la redentora de la patria”, asevera Arrioja. “Al final de cuentas ella es una importante lideresa, pero su regreso no va a representar un cambio tangible en el entramado del régimen que ahora encabeza Delcy Rodríguez. Al menos en el corto plazo, no hay visos de que esto vaya a cambiar”, añade.","Sun, 12 Jul 2026 14:18:28 +0000",https://elcomercio.pe/arc/outboundfeeds/rss/?outputType=xml,https://elcomercio.pe/mundo/latinoamerica/en-la-sala-de-espera-el-complejo-camino-de-regreso-a-venezuela-de-maria-corina-machado-noticia/
Julio Velarde continuará en el Banco Central de Reserva: Los hitos que marcaron su gestión,"En 11 de los últimos 20 años, la inflación anual de cierre se mantuvo por debajo del 3% y solo escapó del rango meta (entre 1% y 3% de la tasa anualizada) en períodos específicos, asociados principalmente a choques de oferta relacionados con factores internacionales.

“Yo diría que la inflación en el Perú es la envidia de la región: varios países vecinos han tenido inflaciones muy por encima de los niveles que ostentamos —Brasil y Colombia, por ejemplo— y Perú ha logrado controlar bastante bien esa variable, al punto de que no es un problema central”, remarca Eduardo Jiménez, Jefe del Sistema de Información de Macroconsult.

Coincide con Jiménez la economista Paola del Carpio, coordinadora de Investigación de Redes, quien agrega que, más allá de ser una entidad representada por Julio Velarde, el BCR resalta por su nivel de institucionalidad, que se sostiene gracias al equipo de técnicos que tiene.

“Manteniendo inflación baja, el tipo de cambio estable y el valor de nuestra moneda, ha logrado destacarse por cumplir con su labor de velar por la estabilidad de precios”, detalla del Carpio.

Los choques de oferta que ha debido enfrentar nuestra inflación son diversos: por ejemplo, en el 2007 y el 2008 esta se vio impactada por el alza en la cotización de alimentos e insumos importados. Entre el 2014 y el 2016, estuvo asociada con un alza del tipo de cambio, un alza de tarifas de servicios y fenómenos climáticos. Entre el 2021 y el 2023, se dio por los mayores precios de los ‘commodities’ tras la pandemia y la guerra entre Rusia y Ucrania –lo que encareció los combustibles y los fertilizantes agrícolas–, y El Niño costero.

“Sabemos que el Banco Central maneja muy bien esa variable y que, cuando la inflación se sale del rango meta, va a hacer todo lo que esté a su alcance para que regrese, sobre la base de la confianza que ha construido en todos estos años. El BCR ya era una institución confiable en los años noventa, pero ha reforzado mucho más ese criterio técnico y, gracias a esa confianza, los agentes económicos tienen bastante bien ancladas sus expectativas”, opina Jiménez.

De otro lado, las reservas internacionales –compuestas por activos en oro y moneda extranjera que garantizan la disponibilidad de divisas frente a turbulencias en los mercados financieros– se multiplicaron por siete, pasando de US$14.638 millones en julio del 2006 a US$98.436 millones al cierre de mayo de este año. Según el banco, estas alcanzaron los US$100 mil millones al 9 de junio de 2026. Dicho monto representa el 28,8% del PBI local, muy por encima de la proporción registrada en otras naciones de la región, como Brasil (16,3%), Colombia o Chile, ambas con 14,7% del PBI.

Del Carpio explica que las reservas internacionales resaltan como una de las fortalezas de la macroeconomía peruana, brindando seguridad frente a otros riesgos abiertos que existen en el país.

“A pesar de todas nuestras deficiencias, los mercados siguen creyendo en nosotros. Nuestro elevado nivel de reservas deja claro que seguiremos enfrentando nuestros compromisos”, explica la economista.

Jiménez recuerda que las quiebras bancarias ocurridas en 1998 reforzaron la preocupación desde el Banco Central por acumular reservas y sostenerlas a niveles más elevados que el promedio de países de la región.

“Eso es positivo más allá del número de reservas, porque muestra el compromiso con el país para proteger las cuentas y contar con recursos para afrontar crisis, sobre todo ante salidas repentinas de capital, que afectan mucho el tipo de cambio”, acota.

Las turbulencias a nivel nacional e internacional registradas en el último quinquenio demandaron intervenciones al BCR para reducir, también, la volatilidad cambiaria. En un contexto de alta incertidumbre política, en el 2021 se registró la salida de capitales de corto plazo más elevada de la historia: unos US$16.858 millones salieron del país, cifra equivalente al 7,5% del PBI.

Una salida abrupta de capitales, además del impacto negativo sobre el sistema financiero, produce fuertes presiones al alza sobre el tipo de cambio. Ese mismo año, el tipo de cambio se depreció en 10%, y el ente emisor tuvo que ofertar US$17.506 millones en el mercado para evitar que la moneda nacional cayera aún más.

La baja tasa de inflación, la acumulación sin precedentes de reservas internacionales y el buen manejo del tipo de cambio se debieron a la correcta gestión de la institución. Si bien el BCR es un organismo constitucionalmente autónomo y se financia con recursos propios, su presupuesto total, el gasto en planilla y el número de trabajadores han aumentado en mucho menor proporción que otras instituciones públicas.

Entre el 2018 y el 2025, los fondos asignados para el pago de personal y obligaciones sociales dentro del BCR solo crecieron 5,7% (de S/192 millones a S/203 millones). El número de trabajadores solo aumentó en 3,7% (de 923 a 957).

En ese mismo período, el gasto en planillas de todo el sector público aumentó en 58,4% (de S/54.665 millones hasta los S/86.610 millones), mientras que la PEA ocupada en el sector público lo hizo en 12,1% (de 1,37 millones a 1,54 millones), según cifras del Consejo Privado de Competitividad. Es decir, el aumento del gasto en remuneraciones fue 8 veces mayor en el Estado que en el BCR, y el aumento de personal en el Estado fue el triple que en la entidad emisora.","Sun, 12 Jul 2026 11:24:06 +0000",https://elcomercio.pe/arc/outboundfeeds/rss/?outputType=xml,https://elcomercio.pe/ecdata/las-cifras-que-ilustran-la-eficiencia-del-banco-central-que-hitos-marco-la-gestion-de-julio-velarde-al-frente-del-ente-emisor-noticia/
Excarcelado José Nenil Medina será candidato regional de Juntos por el Perú en Cajamarca,"A pesar de recuperar su libertad en enero del 2025, Medina no es un hombre libre del todo. Sobre él pesan reglas de conducta dictadas por el Octavo Juzgado de Investigación Preparatoria: tiene prohibido cambiar su domicilio en Carabayllo sin autorización y debe pasar por un control biométrico cada quince días para acreditar su presencia ante la justicia.

La designación de Medina como candidato regional fue estratégica. Fue designado sin elección interna. Ernesto Zunini, secretario general nacional de JPP, señaló a este Diario que fue elegido como propuesta de los “compañeros de Cajamarca”, según registra el acta del 17 de junio de 2026, firmada por el propio Roberto Sánchez.

La apuesta tiene lógica electoral. JPP quiere retener su arrastre en la zona, y Medina es muy cercano a Pedro Castillo y a su cuñada, la hoy diputada Yenifer Paredes. En Cajamarca, JPP ganó la primera vuelta con 41% de los votos, frente a apenas 13% de Fuerza Popular. En la segunda vuelta, esa ventaja creció a 66%, casi el doble del resultado fujimorista.

El exalcalde de Anguía es investigado por simular actos de selección y presuntamente haber favorecido a postores que no cumplían los requisitos para obras de agua potable y transitabilidad.

El caso lo tiene la Eficcop bajo la carpeta principal N.º 008-2022. Su proceso está en fase preparatoria por organización criminal, colusión y lavado de activos. Aunque salió de la cárcel, aún debe cumplir reglas y firmar cada dos semanas. “Es cierto, sí, hay algunas restricciones que seguimos en línea con la Fiscalía. Estamos al día, siempre atentos a las diligencias que se puedan generar”, admitió Medina a El Comercio.

Es más, confirma que –de ser elegido gobernador– tendría una limitación inusual: no podría coordinar directamente con la diputada Yenifer Paredes. Y es que ambos tienen prohibido comunicarse por las restricciones impuestas en la investigación fiscal que los involucra.

Ante el Jurado Nacional de Elecciones, Medina declaró tener una situación económica austera. El exalcalde –quien habría recibido pagos de S/200.000 del empresario Hugo Espino por proyectos– asegura que ahora solo percibe S/1.120 mensuales.

Consultado sobre cómo financiará su campaña, respondió: “No necesariamente se necesita dinero; basta con tener sentido común. Muchos ciudadanos solo necesitan ser escuchados”.","Sun, 12 Jul 2026 21:08:00 +0000",https://elcomercio.pe/arc/outboundfeeds/rss/?outputType=xml,https://elcomercio.pe/peru/excarcelado-jose-nenil-medina-sera-candidato-regional-de-juntos-por-el-peru-jose-nenil-medina-elecciones-jne-cajamarca-jpp-roberto-sanchez-noticia/
Cirugía cerebral con el paciente despierto: la operación que ayuda a preservar las emociones,"En coordinación con el INCN, en febrero de este año, Jesús Martín-Fernández, neurocirujano español que lidera la Unidad de Neurocirugía Despierta Oncológica Cognitiva de Canarias (UNCOG), llegó por primera vez a Lima para liderar cinco operaciones de tumores cerebrales con pacientes despiertos, utilizando una innovadora metodología que él y su equipo desarrollaron llamada mapeo cognitivo multimodal en tres pasos.

Durante su estancia en el país, junto con su equipo y especialistas nacionales del INCN, trató a personas con “tumores gigantes que de alguna forma se han catalogado como inoperables o como un riesgo de grandes secuelas para la vida diaria”, contó a El Comercio el experto. “Es decir, quedarse sin hablar, sin moverse o sin reconocer las emociones; decidir en contextos sociales qué hacer”, precisó.

La técnica de mapeo cognitivo multimodal en tres pasos consiste, primero, en identificar las áreas del cerebro en torno al tumor que no se pueden tocar porque están relacionadas a funciones críticas para la emoción, el lenguaje, la tensión, la memoria, el movimiento. Luego se reseca la lesión mientras el paciente es sometido a ejercicios de movimientos y de lenguaje, y a un test basado en inteligencia artificial. De esta forma se monitorea en tiempo real que no se esté afectando ninguna zona crítica.

Y finalmente, “se preservan los tractos de sustancia blanca, que son como los cables que están iluminando todas esas luces en la corteza, que necesita estar constantemente en sincronización”, explicó el experto. “Así hacemos un abordaje más completo y que la persona vuelva en unas semanas a su vida normal en todos los sentidos”, aseveró.

A sus 33 años el neurocirujano español es también el presidente de la Sociedad Mundial de Neurocirugía Despierta y es considerado un referente internacional en la operación a cerebro abierto de tumores cerebrales. Su trabajo lo ha llevado a más de 20 países realizando este tipo de procedimientos.

El Comercio estuvo presente en la quinta operación que realizó Martín-Fernández con el equipo del INCN. Se trató de un tumor ubicado en la parte frontal izquierda del cerebro, una zona crítica vinculada al lenguaje. Sin embargo, los especialistas fueron un paso más adelante, mapeando también los puntos críticos de todo lo que tiene que ver con la emoción, con la atención y la memoria.

“Los riesgos principales son, pues, quedarse sin el proceso de empatía o de ponerse en el lugar del otro, sin lenguaje, sin movimiento. [...] Pero nosotros hacemos esta técnica justo para que no pase nada de eso y salga todo bien”, dijo Martín-Fernández.

Si bien una operación cerebral con el paciente despierto puede sonar peligrosa, es una herramienta importante de la neurocirugía, que en el Perú se realiza desde hace ya varios años.

“Al realizar una cirugía despierta, definitivamente podemos verificar cada una de las funciones del paciente. Funciones motoras sensitivas, lenguaje, áreas cognitivas, funciones ejecutivas e incluso las áreas emocionales de cada paciente. Y si el paciente no estuviese despierto, sería más difícil localizar esas áreas exactas”, explicó a este Diario Carlos Vásquez Pérez, Jefe del Departamento de Neurocirugía del INCN, quien participó con Martín-Fernández en las cinco operaciones.

Por eso, ahora el paradigma está cambiando, centrándose también en preservar las emociones del paciente. “Nos toca también inmiscuirnos en esto, en esta técnica de paciente despierto, mapeando la cognición, para que el paciente sea más funcional en lo que es la parte emocional, en lo que expresa o siente”, añadió Yelimer Caucha Morales, neurocirujano del INCN que también fue parte de estas operaciones.

En esa línea, Luis Saavedra Ramírez, director del INCN, sostuvo que antes los especialistas se enfocaban solo en preservar la parte motora y del lenguaje. “Pero actualmente sabemos que existe una serie de funciones que son muy importantes para que la persona pueda desarrollarse en su vida rutinaria y en su vida familiar. Es esta la idea”, recalcó.

Ese deseo de seguir siendo uno mismo, de recordar a quien amas, motivó a Cinthia a someterse a esta innovadora técnica. Ella fue la primera paciente operada por el equipo de Martín-Fernández en el país.

“Tengo 31 años y una bebita de un año y cinco meses que la he dejado por ahora con su papá”, dijo la paciente a este Diario. Ella tenía un tumor cerebral grande, de más de 100 metros cúbicos.

“En otro u otro hospital me dijeron que sí era grande [el tumor]. Me dijeron que iba a perder la memoria, mis actividades motoras, iba a quedar cuadripléjica”.

Cinthia relató que su principal temor era perder la memoria, perder el conocimiento de su hija, más que todo. “Me costó tener a mi hija. [...] Cada día aprendo de ella. Tiene un año y en ese año yo he empezado a aprender a ser mamá”, narró.

Tanto su operación, como la de los otros cuatro pacientes programados concluyeron con resecciones amplias del tumor y preservación de funciones esenciales. Algunos pacientes podrían presentar dificultades transitorias en los primeros días, pero serán sometidos a evaluaciones periódicas.

“Estos son pacientes que necesitaban una intervención quirúrgica. Y al darse esta modalidad o trabajo conjunto con otros centros, en este caso en la UNCOG de España, ellos lo han recibido de buena manera porque es una oportunidad contar con todo este soporte de profesionales especialistas en cada una de las áreas. Entonces, ha sido creo que una gran oportunidad tanto para los pacientes, el compartir experiencias entre ambos centros. Creo que ha sido una gran labor”, opinó Vásquez Pérez.","Sun, 12 Jul 2026 21:07:00 +0000",https://elcomercio.pe/arc/outboundfeeds/rss/?outputType=xml,https://elcomercio.pe/lima/cirugia-cerebral-con-el-paciente-despierto-la-operacion-que-ayuda-a-preservar-las-emociones-noticia/
"Jorge Zapata Ríos, presidente de la Confiep: “Las expectativas empresariales están en su mejor momento”","Hay dos prioridades del gobierno entrante. Una es el fenómeno de El Niño. Hay que atacarlo inmediatamente, empezar a trabajar, y la otra prioridad es la lucha contra la delincuencia y el crimen organizado que nos tiene agobiados. Pero, sin duda, hay que empezar a terminar las obras que no se han culminado, hay que asignar presupuesto. Eso es una coordinación con el Congreso que tiene que hacerse muy rápido, hay que coordinar con los gobiernos regionales y provinciales y con el sector privado, para ver cómo nos involucramos también en la emergencia de El Niño.

—El último jueves, la presidenta ha hecho una convocatoria al sector privado para colaborar con el tema de El Niño. ¿Cómo responden a este llamado?

La colaboración del sector empresarial siempre se ha evidenciado en los momentos más difíciles que ha enfrentado el país. Cuando el Perú nos necesita, el empresariado responde y dice presente. Así ocurrió durante la pandemia del COVID-19, cuando desde la Confiep articulamos el apoyo de empresas y gremios empresariales para fortalecer la capacidad del sistema de salud pública. También lo hicimos durante la emergencia ocasionada por el ciclón Yaku, donde la colaboración empresarial a las poblaciones afectadas fue canalizada a través de la iniciativa Hombro a Hombro. Frente al riesgo del fenómeno El Niño, el sector empresarial reafirma ese compromiso. Hacemos un llamado a las empresas a mantenerse preparadas para sumar esfuerzos y coordinar, junto con las autoridades, las acciones que permitan atender de manera oportuna a las personas y zonas más afectadas.

—¿Cómo entender que solo el 3% del crédito suplementario –que se estima sea aprobado por la Comisión Permanente el lunes– sea para el fenómeno de El Niño?

Nos preocupa esta situación. No es coherente que el Gobierno pida la aprobación de un crédito suplementario de más de 9.000 millones de soles y asigne solo el 3% a las acciones para enfrentar el fenómeno de El Niño. Por lo menos, el 50% del presupuesto solicitado se pretende destinar a gasto corriente y no en lo que realmente se necesita, más aún cuando se estima que el golpe de El Niño tendrá una magnitud similar o mayor a los ocurridos en los años 83 y 98. Entonces, no solo se necesitarán acciones de prevención sino una fuerte inversión para la reconstrucción.

—Si bien es cierto las expectativas de crecimiento han disminuido, se estima que los factores que impulsarán el crecimiento entre el 2026 y el próximo año compensarán ampliamente el fenómeno, porque hay mejores expectativas empresariales, aunque va a haber un impacto negativo en agricultura y en pesca.

El análisis del BCR también es muy optimista. Las expectativas empresariales están en su mejor momento. Incluso ya venían bien, el año pasado las inversiones han crecido 10% en pleno proceso electoral y con una propuesta radical de cambio de Constitución y todo. Con un gobierno ya más propenso a la iniciativa privada, las expectativas han crecido y van a seguir creciendo.

—Entonces, más allá de El Niño, ¿la expectativa empresarial sigue siendo positiva?

Sí, porque el país tiene potencial para crecer mucho más arriba del 3,2%, 3,3%; puede crecer al 5,6%. Aunque El Niño le quite un punto a eso, un punto y medio, seguiríamos con un buen crecimiento. Ahora, obviamente esto tiene que madurar, el 2026 ya la proyección no va a ser tan alta, porque venimos de un cambio de gobierno. Pero el 2027, el 2028, sí tendríamos todas las posibilidades de crecer a esos ritmos, si empezamos a hacer las cosas bien y si es que este fenómeno de El Niño no nos golpea demasiado. Para eso hay que hacer una labor de prevención y un trabajo inmediatamente.

—¿Los gremios han tenido algún acercamiento con la presidenta electa tras su proclamación? ¿Cuál sería el rol de los empresarios en un gobierno Keiko Fujimori?

Hemos tenido una reunión con el vicepresidente electo Luis Galarreta y con su jefe de plan de gobierno, Marco Vinelli, y él nos ha explicado cuál es su visión de país, cuáles son sus prioridades. Ellos creen en la inversión privada, en el modelo de desarrollo a través de la iniciativa privada, obviamente va a dar las facilidades para que la iniciativa privada fluya con velocidad. Hay que emprender un plan de destrabe burocrático para que las inversiones fluyan y los proyectos se concreten con mayor velocidad. Creo que estamos bien encaminados por ahí.

Lee también: Keiko Fujimori acredita a sus equipos de transferencia ante ministerios: ¿Quiénes son los técnicos y políticos a los que ha recurrido?

—Fuerza Popular plantea un ‘shock’ desregularotorio. ¿Por dónde debería empezar este ‘shock’?

Tendría que empezar por la minería, que es una actividad que genera una recaudación importantísima para el Estado, produce divisas y tenemos 64.000 millones de dólares en proyectos que hay que echar a andar. En los últimos años, los trámites –desde que una compañía explora hasta que empieza a explotar–, se han multiplicado y lo que antes demoraba 10, 15 años ahora está demorando 25, 30 años. No es posible que no aprovechemos los precios de los minerales que tenemos ahora y peor aún, cuando no han salido adelante proyectos mineros importantes, después han sido invadidos por la minería ilegal. Eso es nefasto para el país. Entonces, un ‘shock’ de destrabe empezando por el sector minero, creo que sería muy interesante.

—Este Congreso aprobó, en la Comisión de Energía y Minas, la ley de concesiones mineras, que establece como plazo máximo de 15 años a las empresas para que puedan poner en marcha las concesiones. ¿Cree que el siguiente Congreso tendría que archivar o reformar este proyecto?

Eso no puede pasar, porque si sabemos que los proyectos tienen esos plazos de maduración, ¿cómo vamos a darle 15 años de concesión? Pues eso es un absurdo. No conozco la técnica parlamentaria exacta para decir si esto debe archivarse o debatirse más. Yo creería, desde una primera impresión, que esto debería archivarse.

—El 31 de diciembre de este año se vence el plazo del Reinfo. Según especialistas como Luis Carranza e Iván Arenas, a un gobierno entrante no le convendría desactivar el Reinfo porque van a ganarse una convulsión social de entrada.

Nosotros no estamos de acuerdo con que se amplíe el Reinfo. Cinco meses no es mucho tiempo, es verdad, pero en cinco meses se puede sacar una buena ley MAPE. Además, ya hay proyectos de ley que habría que perfeccionar o revisar. Pero no podemos decir: “Porque no hay tiempo para que aprobemos una buena ley de minería pequeña, artesanal y demás, extendamos una vez más el Reinfo”. Eso no es bueno para el país, no es bueno para la seguridad ciudadana.

—En términos políticos, un nuevo gobierno quisiera evitar un levantamiento social si de entrada dicen que no va más el Reinfo. ¿No evalúan esa posición política?

Sí, pero eso va a ocurrir en cualquier etapa del gobierno. Puede ocurrir el primer año, el segundo, el tercero, en cualquier etapa va a haber un levantamiento social, que esperemos no sea muy grande, porque lo que hay que hacer es dar los mensajes adecuados para que la gente entienda que esta minería produce violencia, inseguridad ciudadana, contaminación, lleva mercurio a los ríos y esas poblaciones se ven muy afectadas, deforesta nuestra Amazonía y trae otra serie de actividades nefastas, como trata de personas, y eso tiene que entenderlo bien la población para que no se sume a las personas que se puedan beneficiar por esta minería ilegal.

Lee también: La jornada de Keiko Fujimori: ¿De qué habló con Milei? ¿Y cuáles son las opciones que baraja para el MEF?

—Otro punto que tiene que ver también con potenciales conflictos son las normas que deja este Congreso, como el pago de CTS para el personal CAS, el tema de los maestros –que es casi una cédula viva– y otras iniciativas que dejan un forado. ¿Qué tendría que hacer el siguiente Congreso para encaminar estas normas?

Sí, eso es complejo, pero también es importante hacer entender que necesitamos una responsabilidad y una disciplina fiscal. Estas leyes se decretan sin mirar el lado económico, macroeconómico del país. Eso hay que revisarlo sin ninguna duda. Además, los especialistas, los constitucionalistas, llegan a decir que esto es inconstitucional, porque nosotros habíamos pasado por un proceso de cédula viva que anulamos en algún momento porque iba a crecer el gasto corriente de forma exponencial, y estamos volviendo a algo que habíamos superado, esto hay que revisarlo de todas maneras.

—¿Otro punto a revisar sería Petro-Perú? Según El Comercio, los balances de pérdidas eran mayores que los que la empresa presentaba. ¿Qué posición debería tener el nuevo gobierno?

Sí, es increíble que una empresa tan grande haga público un balance que no refleje toda la verdad sobre la situación de Petro-Perú. Una institución seria como Proinversión está haciendo un plan de reestructuración de Petro-Perú y creo que habría que continuar con ese plan en el cual se están dividiendo los activos entre los que no producen beneficio y los activos que sí producen beneficio y con eso se va a hacer una estructuración de la empresa para sacarla de la crisis, eso habría que continuar. Y uno de los grandes problemas de Petro-Perú es la inestabilidad y la falta de capacidad de los funcionarios que han dirigido a la empresa en los últimos años. Eso tiene que acabar. La empresa tiene que ser dirigida por personal elegido a través de concursos y donde prime la meritocracia, los mejores funcionarios, los que más conozcan del tema tienen que estar ahí. Y el otro tema son los sindicatos que abogan por que se le siga dando plata a Petro-Perú, porque quieren mantener sus privilegios y sus trabajos.

— ¿Qué perfil debería tener un ministro de Economía para esta coyuntura específica?

Para esta coyuntura y aprovechando las grandes expectativas que tiene el país y los términos de intercambios que lo están haciendo en su mejor momento, necesitamos un ministro que además tenga un perfil conocido, que invite a invertir en el Perú.

— Se ha puesto sobre la mesa el nombre de Elmer Cuba para el MEF. ¿Cómo verían los gremios empresariales ese perfil?

Con buenos ojos. Es un economista respetado, conoce mucho el tema económico y también tiene el perfil de invitar a los inversionistas, de dar confianza. Ese perfil es muy importante, como el de Lucho Carranza, que haría que las inversiones lleguen rápidamente, porque ven personas muy serias que van a mantener la estabilidad jurídica, las reglas claras y van a promover inversiones.

— ¿Qué papel tendría que tomar el Congreso para lograr consensos en esta sociedad fracturada?

En todos los países del mundo, hay un bloque oficialista y una oposición. Lo importante es que ambas partes sean responsables, sobre todo la oposición. Yo he conversado con algunos líderes de estos bloques de oposición y a veces coincidimos en muchas ideas como que hay que mejorar la educación pública, la salud pública, atraer inversiones. Hay una agenda donde creo que los acuerdos no deberían ser difíciles. Probablemente, haya otra agenda donde sea un poco más difícil de llegar a acuerdos.

Lee también: Carlos Bruce: “Si no se entra a una reestructuración financiera, nadie va a poder hacer ni sardineles” | Entrevista

— ¿Cuál debería ser el perfil del próximo presidente del Consejo de Ministros?

Tiene que ser más político, sin duda. Una persona que maneje el lenguaje político, que sepa articular con las diferentes bancadas, que sepa coordinar y llegar a consensos. Tiene que ser una persona muy abierta, con mucha paciencia.

— Se baraja el nombre de Luis Galarreta...

Me parece una buena opción Luis Galarreta [para la PCM].

— Otra prioridad de la que se habla es del sur. ¿Cómo se debe mirar el sur?

Hay que ver qué es lo que ha pasado con esta expectativa que no está resuelta, que no está bien enfocada, o que no está percibiendo el desarrollo económico, no ha llegado. Hay que articular mucho con los gobiernos regionales, provinciales y distritales para que se mejore la ejecución presupuestal de inversiones, de la obra pública. No es posible que el funcionario que paraliza una obra no reciba ninguna sanción. Decir ‘esta obra no me interesa porque viene del gobierno anterior o del alcalde anterior’, eso debería ser sancionado.

— A 16 días del cambio de mando ha seguido habiendo cambios en el Ejecutivo…

Estamos cerrando un quinquenio que no lo hemos sabido aprovechar. Hemos tenido demasiada inestabilidad política y eso nos ha impedido tener un mayor desarrollo y crecimiento. Eso también hay que difundirlo entre los ciudadanos que perciben que no les llega el desarrollo, y ¡cómo les va a llegar cuando tenemos un gobierno tan inestable!","Sun, 12 Jul 2026 20:45:00 +0000",https://elcomercio.pe/arc/outboundfeeds/rss/?outputType=xml,https://elcomercio.pe/politica/jorge-zapata-rios-presidente-de-la-confiep-las-expectativas-empresariales-estan-en-su-mejor-momento-noticia/
"Empieza mal, por Federico Salazar","La futura jefa del Estado tiene estos méritos. Sin embargo, a pesar de tener tan manifiesta voluntad de llegar al poder, parece no tener un plan detallado de cómo sacar al país adelante.

Debe considerarse su enfoque anticorrupción. El jefe de su equipo de transferencia, Marco Vinelli, tiene una demanda civil y una investigación por presunta corrupción.

La respuesta de Fujimori es sorprendente. No parece conocer los expedientes a fondo ni hace referencia a los casos.

“Él ha aclarado estos procesos de investigación, pero yo aquí le ratifico mi confianza”, ha dicho. O sea, basta la palabra del funcionario. Ella no ha preguntado por su lado, no se ha hecho asesorar, no ha mirado los expedientes.

Fujimori lo ratifica “porque es un profesional competente, que goza de integridad y, sobre todo, que conoce el sector, sobre todo de la agricultura en la cancha”.

La acusación es sobre casos de posible corrupción. “Yo digo que goza de integridad” no es una respuesta válida. Que conozca el sector, menos. La eficiencia no compra indulgencias.

“Roba, pero hace obra” es el peor eslogan al que pudiera adherirse el nuevo fujimorismo.

Fuerza Popular en el Congreso ha hecho aprobar un cambio en el Código Penal para incorporar el delito de lesa humanidad. ¿Qué tiene que ver Keiko Fujimori? ¡Es la jefa del partido!

La modificación limita los alcances de la definición del delito. Se instituye para los casos en curso y excluye el delito para los casos en que se trata de un combate entre partes.

Según esta legislación, solo representa delito de lesa humanidad si se produce, por ejemplo, una matanza contra la población civil. Si la matanza se perpetra contra un grupo criminal, mágicamente la matanza “oficial” deja de ser matanza.

Lesa humanidad se refiere a eso: a los seres humanos. No es chic defender a un criminal, pero en el Estado de derecho los criminales también tienen derechos. O lo tomas o lo dejas.

¿Tanta preparación para producir la misma política erosiva de las instituciones? ¿Tantos años de reflexión desperdiciados? El problema no es la presidenta, sino la ciudadanía.","Sun, 12 Jul 2026 11:00:01 +0000",https://elcomercio.pe/arc/outboundfeeds/rss/?outputType=xml,https://elcomercio.pe/opinion/columnistas/keiko-fujimori-empieza-mal-por-federico-salazar-noticia/
"El Congreso de los desobedientes, una crónica de Fernando Vivas","Las sorpresas legislativas por lo tanto, dependerán de la desobediencia del senado al espíritu de la ley aprobada por los diputados. Quizá le harán algunas mejoras, cambios y ajustes que provocarán polémicas sobre qué tanto se puede alterar una ley sin quebrar la lógica y la normativa bicameral. Fernando Tincopa, politólogo del Centro Wiñak, me contó que en su grupo han analizado declaraciones de varios parlamentarios electos y encuentran esto: “Hay senadores que se sienten plenipotenciarios del más allá. Me temo que su subestimación del trabajo de los diputados va a ser fuente de muchos problemas”. Ojo, si se agudiza la mutua desobediencia entre las cámaras, el primer perdedor será el diputado.

“Los diputados que tengan éxito serán los que coordinen bien con los senadores de su bancada”, dice Mauricio. En efecto, si no hay ese entendimiento, la bicameralidad será un desmadre. El principio de colaboración bicameral es muy fácil de entender pero contra él complota un hecho que tiene una explicación tan prosaica que hasta da vergüenza hacerla, pero ahí va: Hubo tanta demanda de candidatos para llenar las listas de decenas de partidos, que la búsqueda se concentró en senadores. Se necesitaban en menor cantidad y había más interesados. Las listas de diputados, en cambio, salvo honrosas excepciones, se llenaron con ligereza. Por ejemplo, está el caso extremo de Jacqueline Tapullima, diputada electa por San Martín de Juntos Por el Perú (JP). Un reportaje de “Cuarto Poder” la muestra sin background político, sin haber hecho campaña y, para remate, inscrita con tal apuro que le habrían falsificado su firma y huella dactilar. ¡Y salió elegida!

“En realidad este Congreso no ha hecho una bicameralidad sino una unicameralidad chiquita, concentrando todo en el senado”.

Mauricio Zavaleta, politólogo

Tincopa me dice: “podemos aseverar que habrá un grado respetable de cohesión en las bancadas de senadores de Ahora Nación [AN] y Partido de Bueno Gobierno [PBG], pero no podemos decir lo mismo de sus diputados”. En AN hay diputados muy populares como Indira Huilca y Harvey Colchado. Y está Jair Manrique que es un político ‘monoagenda’, pues maneja un solo gran tema en especial -la promoción de la tecnología-, en función del que puede establecer pactos y conversaciones con otros. PBG ha compuesto una bancada de senadores sin experiencia política pero con una visión afín del país, que les dará cohesión; pero en diputados su panorama es más ‘random’.

El Partido Obras es el más impredecible. Tincopa me contó que en Wiñak han analizado esa y otras bancadas con dos conceptos, el ‘alineamiento interno’ (cómo se perciben como grupo en función de la ideología, lo social y lo económico) y el seguimiento de liderazgos. “En Obras encontramos debilidad en ambas cosas. No se perciben como un grupo de izquierda, aunque tienen un talante ‘anti gran empresa’. Y el líder y ex candidato presidencial, Ricardo Belmont, se presume que estará distanciado de ellos”, me dice. Es una incógnita si Daniel Barragán, hombre esquivo, secretario general del partido y senador electo, reemplace a Belmont.

AN, en cambio, tendrá a Alfonso López Chau en el senado, fomentando cohesión con su liderazgo presente. Jorge Nieto no es senador pero ha prometido estar muy cerca de su grupo. Con Roberto Sánchez, que postuló sin suerte como diputado, la distancia podría pasarle doble factura, pues la facción castillista podría responder más a Pedro Castillo o a lo que su gente interprete como lineamientos de Castillo desde la prisión. Ahora bien, la cohesión en un Congreso no solo depende del partido, la bancada o la cámara; sino de la voluntad de cada congresista. Los reglamentos de diputados y senadores han querido normar esa intimidad.

Lee también | Marco, transfiérela, una crónica de Fernando Vivas sobre el jefe del equipo de transferencia de Keiko Fujimori

El Art. 52 del Reglamento de la Cámara de Diputados (RL 00005-2025-2026-CR) y el Art. 56 del Reglamento de la Cámara de Senadores (RL 006-2’25-2’26-CR) son idénticos. Ambos dicen, en su inciso b: “En ningún caso pueden constituir grupos parlamentarios por separado los [diputados o senadores] que pertenezcan a un mismo partido”. O sea, las bancadas ya no se pueden partir como Perú Libre, que entraron 37 y de allí salieron 3 bancadas y varios tránsfugas. El inciso ‘e’ dice: “El que renuncia o sea expulsado, forma parte del grupo mixto o puede incorporarse por una sola vez a otro grupo”. O sea, solo puedes irte una sola vez e ingresar a otro grupo una sola vez. ‘Grupo mixto’ no es una bancada, sino el conjunto de renunciantes o expulsados no agrupados que tendrá la prerrogativa de presentar leyes aunque no presidirá comisiones. El reglamento, aunque no está muy claro en ese punto, da a entender que el renunciante a la bancada debe también renunciar al partido si quiere pasar a otra bancada. Los ‘designados’ o ‘invitados’, por no ser afiliados, se ahorran ese trámite.

Conversé con Arturo Alegría de Fuerza Popular (FP), diputado electo por San Martín y actual presidente de la Comisión de Constitución, responsable de la elaboración de los reglamentos. “Nuestra propuesta era que el que se iba o era expulsado, no pueda entrar a otra bancada; pero los congresistas que han cambiado de bancadas, que son varios, no estaban de acuerdo. Entonces, conciliamos en que se pueda renunciar una sola vez”. Por supuesto, estos reglamentos podrán ser modificados en el próximo Congreso, pero es presumible que subsista la restricción parcial al transfuguismo.

“Nuestra propuesta era que el que se iba o era expulsado, no pueda entrar a otra bancada; pero los congresistas que han cambiado de bancadas, que son varios, no estaban de acuerdo. Entonces, conciliamos en que se pueda renunciar una sola vez”.

Arturo Alegría, presidente de la Comisión de Constitución.

Ahora bien, habrá menos incentivos para la fuga, pero la baja cohesión se mantendrá dentro de la bancada. He conversado con muchos congresistas, de todos los colores, que se jactan, cual si fuera gran virtud, de que trabajarán por sus agendas propias y regionales y cuando no estén de acuerdo en un tema, harán uso de su libertad de conciencia. La ‘independencia’ no es un problema para ellos, sino un valor. Le pedí a Zavaleta, quien, estudiando estos fenómenos, acuñó el concepto de ‘coalición de independientes’ en el 2014 (en “Coaliciones de independientes: las reglas no escritas de la política electoral”, IEP) para referirse a los nuevos partidos, que analice el panorama bicameral con ese prisma: “El único partido que no es una coalición de independientes es Fuerza Popular. Los demás lo son y verás que los congresistas, en los primeros años, no harán mucho caso a sus líderes porque no hay una urgencia electoral. Nieto, por ejemplo, es una figura interesante para el 2031, pero ahora no hay esa urgencia y no va a estar en el senado. Obras podría ser un Podemos”. Río con Mauricio pensando que para que esto última suceda, haría falta la maña de un José Luna Galvez, hábil articulador de independientes de toda laya.

Siguiendo a Mauricio, cada bancada será una coalición de independientes, unos más pragmáticos, otros más ideologizados. Las coaliciones de independientes con baja y coyuntural cohesión, pueden darse con ambos tipos de políticos; pero es más común encontrarlas con pragmáticos de toda la vida o con ideologizados convertidos al pragmatismo. Unos u otros, hay un rasgo que comenta Zavaleta y merece subrayarse: se está generando una carrera congresal que no empieza con la candidatura sino con el fichaje como asesor de congresista. Varios electos de FP han sido antes asesores. Le comenté este tema a Arturo Alegría y él mismo se puso de ejemplo: “Antes de ser congresista, he sido asesor de ‘Lucho’ Galarreta”. Hay casos, incluso, en que la secuencia se alterna. ‘Miki’ Torres fue congresista, luego asesor de la bancada de FP y ha vuelto a ser electo, esta vez como segundo vicepresidente y senador. Diethell Columbus es un caso similar, ahora electo en diputados. Esto no solo sucede en FP. Por ejemplo, Katherine Ampuero, senadora electa por Renovación Popular (RP), ha sido asesora de la bancada celeste. Este fenómeno sí ayuda a la cohesión.

Sin embargo, la tendencia general de la política, en la fase de deterioro de la democracia y sus instituciones en la que nos encontramos; es que los congresistas piensen cada vez más en sus intereses personales, sus agendas y sus clientelas, antes que en los objetivos de bancada y partido. Tenemos el dramático ejemplo del ‘Bloque Magisterial’, el grupo de maestros sin aprendizaje político y sin habilidad de gestión, que Castillo colocó en la lista de Perú Libre (PL) en el 2021. Los animó a desgajarse de PL, formaron su bancada, cayó Castillo, ellos lo abandonaron y, sin alineamiento ideológico ni liderazgo, ni valores sólidos, saltaron de bancada en bancada negociando prebendas con el gobierno y proyectos con sus clientelas.

Le pregunté a Mauricio si cree que el sistema de negociación prebendaria del Ejecutivo con congresistas, que llegó a su apogeo con Dina Boluarte (se ponía en práctica hasta para la votación de permisos de viaje), va a continuar. “Sí va a continuar, además en el senado no necesitan convencer a muchos. Asumiendo que tienen los votos de su propia bancada y de Renovación, pueden a buscar a algunos de Obras, o incluso del PBG, y conseguir lo que necesitan. Esto tiene menos costo que una negociación colectiva con la bancada”.

Por supuesto, a menor cohesión y obediencia dentro del grupo, mayor incentivo para horadar la democracia con ese sistema prebendario que vicia la relación de colaboración entre poderes. La fragmentación de candidaturas fue otra expresión de la escasa cohesión. La proliferación de candidaturas surge porque muchos aspirantes a políticos, en lugar de entrar a un partido a someterse a su dirigencia, prefirieron ser cabeza de ratón. El desafecto por la política partidaria tradicional; ha depreciado la búsqueda organizada, colegiada y disciplinada del bien común.

En lugar de todo lo anterior, tenemos al congresista ególatra y desobediente, que lee las normas para interpretarlas a su medida y le encanta repetir el Art. 93 de la Constitución: “Los congresistas representan a la Nación. No están sujetos a mandato imperativo ni a interpelación”. Ciertamente, no están obligados legalmente a seguir instrucciones de su partido o del portavoz de la bancada; pero ello no quita que política y éticamente, sí están obligados a hacerlo. Ha sucedido, por cierto, que bancadas sin cohesión e indisciplinadas, y por lo tanto impredecibles para potenciales clientes; se lamentaron por perder su capacidad de negociación colectiva. Le pasó a Podemos, a APP y a Acción Popular (AP) en este Congreso. Por eso, las tres pujaron por llegar a un equilibrio pragmático: en algunos temas se esforzaron por votar en bloque, para no perder el respeto del Ejecutivo y de los demás; mientras votaban a su regalada gana en todo lo demás.","Sun, 12 Jul 2026 11:17:15 +0000",https://elcomercio.pe/arc/outboundfeeds/rss/?outputType=xml,https://elcomercio.pe/politica/el-congreso-de-los-desobedientes-una-cronica-de-fernando-vivas-noticia/
Cuenta regresiva,"Lo único bueno es que ya falta poco. Al gobierno de José María Balcázar le quedan apenas 16 días. Lo malo es que, en política, poco más de dos semanas alcanzan de sobra para sembrar bombas de tiempo que el próximo gobierno tendrá que desactivar.

El indulto al golpista Pedro Castillo ya fue descartado por la Comisión de Gracias Presidenciales, pero el mandatario insiste en ponerlo en agenda. En ese empeño por reabrir puertas que hace tiempo están cerradas, no descartemos que nos sorprenda en sus últimos días de su gestión, ya sea concediendo el salvoconducto que le permita a Bettsy Chávez escapar a México u otorgando reconocimiento oficial al gremio de docentes vinculado al Movadef.

No sabemos si Balcázar ya nombró a su último ministro o si todavía guarda algunos cambios bajo la manga. Suena absurdo realizar más relevos en un gobierno que está próximo a concluir, pero con el presidente que tenemos cualquier cosa se puede esperar.

Una administración de transición, con la puerta de salida ya entreabierta, debería estar más enfocada en transferir y entregar la casa ordenada. Aquí, en cambio, parece que la preocupación principal es seguir pagando favores, premiar a los amigotes con cargos públicos y repartir las últimas tajadas de la torta antes de que se apaguen las luces. No hay otra explicación para los más de 50 nombramientos de altos funcionarios que, según una investigación de Thalía Cadenas para El Comercio, se han realizado en solo un mes.

Esta semana, dos congresistas se han ceñido fajines. Uno es Jorge Marticorena, quien asumió el Ministerio de Educación, pese a que no tiene formación ni experiencia en el sector. Dos días después fue designado otro ex compañero de bancada de Balcázar: Flavio Cruz, fervoroso escudero político del prófugo Vladimir Cerrón.

En términos de gestión, 16 días representan poco tiempo. Sin embargo, en un gobierno en el que el sentido común parece haberse tomado una licencia indefinida, alcanzan para nombrar allegados, otorgar gracias presidenciales indebidas, comprometer presupuestos y dejar conflictos abiertos.","Sun, 12 Jul 2026 20:15:00 +0000",https://elcomercio.pe/arc/outboundfeeds/rss/?outputType=xml,https://elcomercio.pe/opinion/columnistas/cuenta-regresiva-por-hector-villalobos-noticia/
Francia mantiene 37 departamentos en alerta roja por calor extremo este lunes,"Francia mantendrá este lunes 37 del centenar de sus departamentos en alerta roja, el nivel máximo de vigilancia por calor, incluidos París y su región, según informó este domingo el instituto meteorológico oficial Météo-France.

El instituto meteorológico nacional prevé en los departamentos afectados -que también estuvieron este domingo en alerta roja- temperaturas máximas de entre 37 y 41 grados centígrados, en un episodio de calor intenso que continúa afectando a buena parte del país y que supone ya la tercera canícula desde finales de mayo.

El calor extremo también se mantendrá en los departamentos bajo alerta naranja -la segunda en la escala- con valores que podrán alcanzar entre 38 y 41 grados en el suroeste, entre otras zonas.

PUEDES VER: El calor extremo provocó miles de muertos en Francia y Bélgica a finales de junio

Météo-France señala que únicamente los departamentos de la costa del Canal de la Mancha, Altos de France y una parte del Gran Este permanecerán por debajo de los 35 grados.

El episodio de ola de calor continúa marcado por temperaturas excepcionalmente elevadas, con noches muy calurosas y un riesgo reforzado para la población vulnerable, así como para incendios en las zonas más afectadas por la sequía persistente.

El calor extremo afecta también al funcionamiento de las centrales nucleares.

EDF ha anunciado que tres reactores nucleares permanecen actualmente fuera de servicio en Francia debido a las condiciones meteorológicas y al impacto de las altas temperaturas sobre la gestión de los recursos hídricos, mientras que otros ocho funcionan con potencia reducida.

Otra consecuencia del calor son las muertes por ahogamiento: Al menos 139 personas han muerto ahogadas en Francia desde el 19 de junio, un 18 % más que en el mismo periodo de 2025, según informó este domingo el ministro del Interior, Laurent Nuñez.

El ministro advirtió además de una temporada de incendios especialmente grave: unas 17.000 hectáreas han ardido desde comienzos de año y la cifra podría alcanzar las 25.000. Recordó que nueve de cada diez incendios tienen origen humano.

LEE TAMBIÉN: El calor extremo en Europa central alcanza un último pico antes del alivio del miércoles

Sobre el incendio de Trévillach, en los Pirineos Orientales, anunció que ha quedado estabilizado tras arrasar cerca de 4.900 hectáreas y agradeció la movilización de unos 800 bomberos y la ayuda de equipos nacionales y europeos.

Ante la ola de calor, Nuñez defendió la cancelación de algunas actividades al aire libre y pidió evaluar las celebraciones con fuegos artificiales de la Fiesta Nacional del 14 de julio para reducir riesgos de incendios y evitar la saturación sanitaria.

Según La Chaîne Météo, la ola de calor podría prolongarse al menos hasta el 16 de julio. La llegada de aire oceánico procedente del Atlántico podría aportar un alivio progresivo a partir de los días 17 o 18.","Sun, 12 Jul 2026 20:12:58 +0000",https://elcomercio.pe/arc/outboundfeeds/rss/?outputType=xml,https://elcomercio.pe/mundo/europa/ola-de-calor-en-europa-francia-mantiene-37-departamentos-en-alerta-roja-por-calor-extremo-este-lunes-ultimas-noticia/
Hospital Perú de EsSalud llegará a Cajamarca para atender a cerca de 5 mil asegurados,"Con el objetivo de acercar la atención médica especializada y reducir brechas, el Seguro Social de Salud (EsSalud) desplegará el Hospital Perú hasta la región Cajamarca. La campaña médica especializada se desarrollará del 15 al 19 de julio en Baños del Inca y del 20 al 22 de julio en Chilete.

El Hospital Perú, de la Gerencia de Oferta Flexible, tiene como meta brindar 4,848 atenciones médicas especializadas, en articulación con la Red Asistencial Cajamarca, con el fin de fortalecer la capacidad de respuesta de los establecimientos de salud y atender oportunamente la demanda de los asegurados de la región.

El doctor Edgard Miguel Siccha, gerente Central de Operaciones de EsSalud, destacó que la finalidad del operativo es reducir la brecha entre la oferta y la demanda de servicios médicos especializados, procedimientos y servicios de ayuda al diagnóstico, en beneficio de los asegurados de la región.

Durante esta jornada, el hospital itinerante ofrecerá consultas en medicina interna, cardiología, gastroenterología, ginecología, neurología, pediatría, oftalmología y otorrinolaringología. Asimismo, brindará servicios de rayos X, laboratorio, enfermería y farmacia.

Además, del 15 al 22 de julio se realizarán procedimientos de endoscopía en el Hospital II de Cajamarca, dirigidos a pacientes asegurados previamente programados por dicho establecimiento de salud.

Las atenciones se realizarán del 15 al 19 de julio en el Coliseo Pachacútec, en Baños del Inca, y del 20 al 22 de julio en el Centro de Salud de Apoyo Chilete, en el horario de 7:00 a. m. a 1:00 p. m. y de 2:00 p. m. a 6:00 p. m.

Estrategia de EsSalud

El Hospital Perú pertenece a la Gerencia de Oferta Flexible y forma parte de la estrategia de EsSalud para fortalecer la atención primaria, incrementar la producción asistencial y reducir la carga de los establecimientos de salud mediante campañas de desembalse y jornadas de atención extendida.

En lo que va del año, el hospital itinerante ha recorrido la costa, sierra y selva del país, desarrollando operativos en Lima y Callao en las redes Rebagliati, Almenara y Sabogal, así como en Lambayeque, Huánuco, Ucayali, Puno y Cajamarca. Gracias a estas intervenciones, ha brindado 149 039 atenciones médicas en 24 operativos en lo que va del año.","Fri, 10 Jul 2026 12:01:00 +0000",https://elcomercio.pe/arc/outboundfeeds/rss/?outputType=xml,https://elcomercio.pe/lima/sucesos/hospital-peru-de-essalud-llegara-a-cajamarca-para-atender-a-cerca-de-5-mil-asegurados-noticia/
El 73% cree que la prioridad del gobierno de Keiko Fujimori debe ser combatir la inseguridad,"En menos de tres semanas, la excongresista Keiko Fujimori jurará como nueva presidenta de la República, tras haber derrotado al parlamentario Roberto Sánchez (Juntos por el Perú) en el balotaje. El 73% cree que la prioridad del gobierno de Fuerza Popular debe ser combatir la inseguridad. Esto tras el desborde de las extorsiones y crímenes en contra de transportistas, bodegueros y otros en los últimos años.

Según la última encuesta de Datum para El Comercio, los otros desafíos del nuevo Ejecutivo son generar empleo y reactivar la economía (26%), mejorar los servicios de salud (24%), mejorar la calidad de la educación (20%), reducir la corrupción en las instituciones públicas (17%) y disminuir la pobreza y las desigualdades (9%), entre otros [ver infografía].

En el estudio de opinión- realizado entre el 3 y 6 de julio- el 48% indicó que la administración de Fujimori Higuchi debe trabajar más en seguridad ciudadana y la lucha contra la delincuencia. Y, además, en poner freno a la corrupción (11%), educación (10%), salud pública (10%) y empleo y reactivación económica (8%).

Lee también: La jornada de Keiko Fujimori: ¿De qué habló con Milei? ¿Y cuáles son las opciones que baraja para el MEF?

El nuevo gobierno también ha generado altas expectativas en la ciudadanía. Por ejemplo, el 42% cree que la administración fujimorista será mejor al Ejecutivo conducido por el presidente José María Balcázar. El 25% piensa que la situación se mantendrá igual, el 20% que será peor, y el 13% no sabe.

En Lima y el Callao- donde Fujimori Higuchi obtuvo el 63,51% y 65,597% de los votos válidos en la segunda vuelta, respectivamente- el 51% indica que el gobierno naranja será mejor al saliente.

El 52% también opinó que la situación general del Perú respecto a la actual va a mejorar en los próximos cinco años, mientras el 17% refirió que va a empeorar.

Un Gabinete de ancha base

Sobre el primer jefe de Gabinete Ministerial del gobierno de Fujimori, el 61% prefiere que sea una persona que provenga de otra fuerza política, el 25% que sea de Fuerza Popular y al 9% le es indiferente el origen. De acuerdo con fuentes de este Diario, Luis Galarreta, secretario general del partido naranja y primer vicepresidente electo, es uno de los principales candidatos para asumir la PCM.

De acuerdo con la encuesta de Datum para El Comercio, solo el 19% respalda que el Consejo de Ministros está conformado principalmente por personalidades cercanas a Fuerza Popular.

El 34% cree que el equipo ministerial de Fujimori Higuchi debe estar compuesto por personas independientes, sin afiliación política, mientras que el 39% por representantes de diferentes partidos. Y el 8% no sabe.

Lee también: Keiko Fujimori prepara solicitud de facultades para legislar en seguridad, economía y la emergencia por El Niño

Además, el 61% señaló que su familia no cuenta con un plan de acción en caso de un desastre natural, como sismos, inundaciones y/o Fenómeno de El Niño, mientras el 38% indicó que sí.

El 87% opinó que el país no está preparado para enfrentar una situación de un desastre natural de gran magnitud. Solos el 12% cree que sí.

De otro lado, el presidente José María Balcázar deja el cargo con una aprobación de 26%, cuatro puntos porcentuales más que en mayo último, según el estudio de opinión. El 59% desaprueba su gobierno, mientras el 15%, no sabe.

Y el Congreso cierra su etapa unicameral con 80% de desaprobación y 14% de respaldo. Este Parlamento, cabe recordar, tuvo a legisladores denunciados por “mocha sueldos”, a Los Niños (que, según la fiscalía, cambiaron votos a favor del expresidente Pedro Castillo por nombramientos y obras) y a un parlamentario desaforado y luego sentenciado por violación sexual.

Lee también: Carlos Bruce: “Si no se entra a una reestructuración financiera, nadie va a poder hacer ni sardineles” | Entrevista

El punto de vista

El analista político Enrique Castillo consideró que los encuestados están demandando al nuevo gobierno atender un problema que le afecta diariamente, sea a ellos o sus familiares, que es la inseguridad. Agregó que la lucha contra la criminalidad es “un clamor de hace varios años y nadie ha podido darle una solución”.

“Para la población la seguridad es el tema más urgente, porque ellos o sus familiares se han visto afectados por hechos delictivos o ven noticias sobre este tipo de situaciones, donde se ha acabado con la vida de una persona o esta ha sido puesta en riesgo. Y, justamente, la inseguridad, pone en problemas a los emprendimientos económicos. Entonces, es natural que tres cuartas partes de la población sientan que ese es el problema más urgente”, subrayó.

En diálogo con El Comercio, Castillo advirtió que “es muy difícil” para cualquier gobierno tener resultados óptimos en este sector en sus primeros 100 días.

“Primero le va a tomar algunas semanas el afianzarse en el cargo a cualquier autoridad que acceda al Ministerio del Interior y a las instituciones conexas, como el INPE y la Policía Nacional. Y lo otro, es que se requiera de un trabajo conjunto con la fiscalía, los juzgados y la PNP. Además, Keiko Fujimori tendrá que realizar esfuerzos muy creativos, porque ya se han intentando diferentes fórmulas, como la declaratoria de emergencia, el rastrillaje y las incursiones a las cárceles. Y no hemos tenido resultados”, expresó.

Lee también: Hugo De Zela: “La tesis de una conspiración masiva es francamente fantasiosa y ridícula”| ENTREVISTA

Sobre las expectativas de la ciudadanía en que la situación del país mejore con el nuevo gobierno, Castillo dijo que tras la improvisación e informalidad del manejo de la cosa pública por parte de las administraciones de Dina Boluarte, José Jerí y José María Balcázar, es normal que el acceso al poder de un partido “más o menos” organizado genere esa reacción.

“Es natural que el inicio de cualquier gobierno el entusiasmo sea mayor al pesimismo. Pero eso no quiere decir que éxito está garantizado […] Se puede generar sobre expectativas en ciertos rubros, como manejo institucional, lucha contra la inseguridad y crecimiento económico, cuando ahí puede haber algunas frustraciones”, acotó.","Sun, 12 Jul 2026 20:00:00 +0000",https://elcomercio.pe/arc/outboundfeeds/rss/?outputType=xml,https://elcomercio.pe/politica/el-73-cree-que-la-prioridad-del-gobierno-de-keiko-fujimori-debe-ser-combatir-la-inseguridad-noticia/
Chile: autor de atropello con seis muertos en Viña del Mar es un cabo de la Armada,"Un cabo de la infantería de marina de Chile, que estaba fuera de servicio, embistió este domingo su vehículo contra una feria callejera en la ciudad de Viña del Mar, en un hecho que dejó seis muertos y múltiples heridos, confirmó la Armada en un comunicado.

Las circunstancias del atropellamiento, que ocurrió en la región de Valparaíso, ubicada a 120 kilómetros de Santiago de Chile, están siendo investigadas, mientras que el conductor del vehículo fue detenido.

PUEDES VER: Delcy Rodríguez pide ayuda a Japón, Perú y Chile para que envíen especialistas tras terremotos en Venezuela

“La Armada de Chile informa que, durante la mañana de este domingo 12 de julio, un integrante de la Institución, quien se encontraba fuera de servicio y conducía un vehículo particular, se vio involucrado en un grave accidente de tránsito ocurrido en la avenida 24 Norte de Viña del Mar”, señaló la institución.

El vehículo se habría volcado sobre los puestos de comercio ambulante de la Feria Caupolicán durante la mañana de este domingo, produciendo instantáneamente la muerte de tres hombres y tres mujeres, según autoridades de Valparaíso.

El hecho también dejó al menos siete lesionados, entre ellos, una madre y unos mellizos lactantes que se encuentran fuera de peligro, según confirmó Erich Liebig, médico coordinador de Emergencias y Desastres del Servicio de Salud Viña del Mar.

“La Armada de Chile lamenta profundamente la irreparable pérdida de vidas humanas ocasionada por esta tragedia y expresa sus más sentidas condolencias a las familias y seres queridos de las víctimas. Asimismo, manifiesta sus deseos de una pronta y completa recuperación a las personas que resultaron lesionadas”, añadió.

El relato de las autoridades a la prensa local apunta preliminarmente a que se trató, presuntamente, de un accidente cometido por el cabo de la Armada, quien habría estado conduciendo con exceso de velocidad.

“En principio no estaba bajo los efectos del alcohol, sino que fue una mala maniobra y eso produjo esta desgracia”, aseguró el delegado presidencial de Valparaíso, Manuel Millones.

La alcaldesa de la localidad viñamarina, Macarena Ripamonti, manifestó la importancia de que se realice una investigación rigurosa y transparente, en la cual dijo esperan “estar involucrados””, y confirmó haber puesto a la orden de la justicia los registros de las cámaras de televigilancia.

LEE TAMBIÉN: Ascienden a tres los chilenos muertos en los terremotos de Venezuela

La Armada, por su parte, señaló en su comunicado que “la institución ha prestado toda la colaboración requerida por el Ministerio Público y las policías para contribuir al esclarecimiento de las circunstancias del accidente. Asimismo, ha dispuesto la instrucción de los procedimientos administrativos internos que correspondan, de conformidad con la normativa vigente”.

“Esta es una feria muy popular, que tiene mucha gente. Deberíamos haber tenido barreras de protección, por lo tanto, esta desgracia tiene que servirnos como lección para que las autoridades establezcan este reforzamiento”, lamentó Ripamonti.

El incidente fatal ocurrió cuando la feria estaba recién instalada, y en ese sentido el delegado Millones aseguró que “si hubiese ocurrido este accidente a las 12 del día habría sido un desastre”.","Sun, 12 Jul 2026 19:55:11 +0000",https://elcomercio.pe/arc/outboundfeeds/rss/?outputType=xml,https://elcomercio.pe/mundo/latinoamerica/chile-cabo-de-la-armada-embiste-auto-contra-feria-y-deja-6-muertos-y-multiples-heridos-ultimas-noticia/
Los muertos por los terremotos en Venezuela suben 157 hasta los 4.490,"Venezuela sumó este domingo otros 157 muertos por los devastadores terremotos del pasado 24 de junio, por lo que totalizan al menos 4.490 fallecidos, mientras que la cifra de heridos se mantiene en 16.740, según el balance oficial.

El presidente del Parlamento, el chavista Jorge Rodríguez, indicó en redes sociales que 120.794 familias han sido atendidas y que hay 19.583 personas en un total de 108 campamentos transitorios habilitados, principalmente, en escuelas de Caracas y los estados aledaños Miranda y La Guaira, la región más afectada.

PUEDES VER: La reconstrucción más costosa en décadas: el desafío económico que enfrenta Venezuela y las dudas sobre la capacidad del chavismo

Según esta actualización, hay 14 nuevos refugios temporales respecto al sábado, cuando había 94.

El también hermano de la mandataria encargada, Delcy Rodríguez, aseguró que han sido distribuidas 9.995 toneladas de alimentos y 18,5 millones de litros de agua.

Por otra parte, hay 30.535 voluntarios registrados y 31.837 funcionarios de distintos organismos desplegados en el país, donde, además, ha habido 1.222 réplicas desde el 24 de junio.

Cerca de 18.000 personas perdieron sus casas, pero las autoridades creen que ese número subirá a medida que avance el proceso de inspección de las edificaciones que no se desplomaron pero que sufrieron daños.

El Gobierno informó este fin de semana del comienzo de un censo biométrico para saber cuántas viviendas se necesitan, aunque ya estima que puedan ser 25.000.

El presidente del Parlamento anunció el sábado en una conferencia de prensa que la jefa de Estado entregará las primeras 200 viviendas “la próxima semana”, sin dar más detalles.","Sun, 12 Jul 2026 19:53:55 +0000",https://elcomercio.pe/arc/outboundfeeds/rss/?outputType=xml,https://elcomercio.pe/mundo/venezuela/los-muertos-por-los-terremotos-en-venezuela-suben-157-hasta-los-4490-la-guaira-ultimas-noticia/
Al menos dos muertos en Argentina durante el partido y los festejos por el 3-1 ante Suiza,"Al menos dos personas murieron en Argentina entre la noche del sábado y el comienzo del domingo en el contexto del partido que la selección de Lionel Messi ganó por 3-1 ante Suiza en los cuartos de final del Mundial 2026, mientras otras personas debieron ser atendidas por los servicios de emergencia.

En la ciudad de Buenos Aires un hombre de 51 años falleció de un infarto en medio del encuentro y al menos otras seis personas debieron ser atendidas por el servicio público de emergencias del Gobierno local, que los trasladó a hospitales y ya se encuentran fuera de peligro.

En San Francisco, ciudad de la provincia de Córdoba, un joven de 20 años recibió tres disparos por la espalda durante los festejos posteriores al partido de la selección argentina, en un episodio que causó pánico entre las cientos de personas que celebraban en la calle ya que ocurrió en medio de la multitud, según reportó el medio local Cadena 3.

De acuerdo a ese mismo medio, la fiscalía que quedó a cargo de la investigación del asesinato aseguró que el atacante escapó entre la gente y que no hubo otros heridos, por lo que la principal hipótesis marca que se trató de un ajuste de cuentas.

PUEDES VER: Javier Milei confirma su asistencia a la toma de mando de Keiko Fujimori el 28 de julio

La víctima había recuperado su libertad de manera condicional algunos días atrás ya que cumple una condena por robo calificado.

Otro episodio de violencia en medio de la alegría de los argentinos por el paso a las semifinales de la Copa del Mundo ocurrió en el centro de Buenos Aires, alrededor del icónico Obelisco, cuando la Policía de la Ciudad dispersó a algunas decenas de personas que todavía se congregaban allí con el despliegue de efectivos de infantería, que efectuaron disparos de balas de goma en plena avenida 9 de Julio.

El próximo partido de Argentina será ante Inglaterra, un partido a priori significativo a nivel simbólico e histórico a partir de la rivalidad derivada del conflicto armado que en 1982 enfrentó a tropas de ambos países por la posesión de las islas Malvinas en el Atlántico Sur, a lo que se sumó en 1986 el partido por el Mundial de México en el que la Albiceleste derrotó 2-1 al combinado inglés con dos históricos tantos del astro Diego Maradona.","Sun, 12 Jul 2026 18:28:48 +0000",https://elcomercio.pe/arc/outboundfeeds/rss/?outputType=xml,https://elcomercio.pe/mundo/latinoamerica/al-menos-dos-muertos-en-argentina-durante-el-partido-y-los-festejos-por-el-3-1-ante-suiza-ultimas-noticia/
¿Cuándo inician las vacaciones escolares de julio 2026? Esto indica el Minedu,"El mes de julio 2026 no solo trae consigo descanso para una parte de la población, sino también para el sector educativo, con la llegada de las esperadas vacaciones escolares. El Ministerio de Educación (Minedu) anunció las fechas para este receso de invierno que está dirigido exclusivamente para los colegios públicos en medio de las celebraciones por Fiestas Patrias. Esta medida representa un merecido descanso en la rutina no solo para los escolares, sino también para los profesores y padres de familia, quienes podrán llevar a cabo diversas actividades, con el objetivo de librarse del estrés escolar, tras varios meses de arduo trabajo en las aulas. En el desarrollo de esta nota te contamos mayores detalles al respecto.

¿CUÁNDO INICIAN LAS VACACIONES ESCOLARES 2026?

En el marco del calendario escolar 2026, el Ministerio de Educación estableció que las esperadas vacaciones escolares se llevarán a cabo del del 27 de julio al 7 de agosto, en los colegios públicos a nivel nacional. Mientras que, en cuanto a las instituciones privadas tienen la facultad de hacer ligeras variaciones en sus cronogramas, con la condición de que se comunique anticipadamente a los padres de familia y escolares.

Asimismo, durante estos días de receso, los profesores de los colegios estatales tendrán que asistir a los centros educativos para desarrollar las lecciones educativas, labores de planificación y organización de las actividades escolares para la última etapa escolar del año.

Calendario del año escolar 2026, según Minedu

A continuación, te presentamos el cronograma oficial del Ministerio de Educación (Minedu) para el año escolar 2026, que contempla 36 semanas lectivas y 8 semanas de gestión, organizadas en bloques que permitirán fortalecer tanto la planificación pedagógica como las labores administrativas en las instituciones educativas públicas y privadas.

Según la calendarización oficial, el año académico se desarrollará de la siguiente manera:","Sun, 12 Jul 2026 19:06:00 +0000",https://elcomercio.pe/arc/outboundfeeds/rss/?outputType=xml,https://elcomercio.pe/respuestas/cuando/vacaciones-escolares-de-julio-2026-revisa-desde-que-dia-inicia-el-descanso-de-mitad-de-ano-en-peru-tdpe-noticia/
"Semifinales del Mundial 2026: cruces, horarios y en qué canales ver los partidos","El Mundial 2026 ya ingresó en su etapa decisiva y pronto solo quedarán cuatro selecciones con posibilidades de levantar el trofeo. Francia fue la primera en asegurar su presencia entre los mejores del torneo tras superar a Marruecos, mientras que España hizo lo propio al imponerse a Bélgica y completar uno de los cruces de la penúltima ronda. En tanto, Noruega, Inglaterra, Argentina y Suiza todavía disputan el último boleto disponible para seguir en competencia. Con los enfrentamientos ya definidos y la expectativa creciendo entre millones de aficionados, las semifinales prometen emociones de principio a fin. Conoce cuándo se jugarán los partidos, los horarios para Perú, dónde ver las transmisiones en vivo y todos los detalles de la recta final de la Copa del Mundo 2026.

¿CUÁNDO Y A QUÉ HORA SE JUGARÁN LAS SEMIFINALES DEL MUNDIAL 2026?

Los dos encuentros que definirán a los finalistas se disputarán durante la próxima semana en Estados Unidos.

Martes 14 de julio

Francia vs. España | Desde las 4:00 pm (hora peruana), en el Dallas Stadium.

Miércoles 15 de julio

Ganador de Noruega vs. Inglaterra vs. Ganador de Argentina vs. Suiza | Desde las 8:00 pm (hora peruana), en el Atlanta Stadium.

¿DÓNDE VER EN VIVO LAS SEMIFINALES DEL MUNDIAL 2026 DESDE PERÚ?

Los hinchas tendrán varias alternativas para seguir la definición del campeonato. DSports ofrece la cobertura completa mediante televisión por suscripción.

Asimismo, quienes prefieran conectarse desde internet podrán acceder a los partidos a través de DGO y Paramount+. En determinados encuentros también existe la posibilidad de seguir la transmisión mediante Disney+, utilizando el plan que incorpora la señal de ESPN.

En señal abierta para Perú, América TV emitirá las dos semifinales y posteriormente la gran final, además de poner a disposición estos compromisos mediante América tvGO.

¿CUÁNDO SERÁ LA FINAL DEL MUNDIAL 2026?

El partido que definirá al nuevo campeón mundial está programado para el domingo 19 de julio. El compromiso se jugará en el MetLife Stadium, conocido durante la competencia como Estadio de Nueva York/Nueva Jersey, y comenzará a las 2:00 pm para el público peruano. Ese encuentro cerrará oficialmente la edición más grande en la historia de la Copa del Mundo.

¿POR QUÉ ESTA COPA DEL MUNDO ES DIFERENTE A LAS ANTERIORES?

La edición 2026 introdujo cambios importantes en comparación con los mundiales pasados. Por primera vez el torneo se desarrolló de manera conjunta en Estados Unidos, Canadá y México. Además, el número de participantes aumentó de 32 a 48 selecciones, lo que permitió ampliar el calendario hasta 104 encuentros y distribuir la competencia en 16 ciudades anfitrionas.

¿CÓMO ES EL FORMATO DEL MUNDIAL 2026?

El campeonato comenzó con una fase integrada por 12 grupos de cuatro selecciones cada uno. Al finalizar esa etapa avanzaron los dos primeros equipos de cada grupo junto con los ocho mejores terceros. Después se incorporó una ronda inédita de dieciseisavos de final, antes de disputar los tradicionales octavos, cuartos de final, semifinales y la final. Gracias a este sistema, más selecciones tuvieron la oportunidad de mantenerse en carrera por el título.","Sun, 12 Jul 2026 19:04:00 +0000",https://elcomercio.pe/arc/outboundfeeds/rss/?outputType=xml,https://elcomercio.pe/respuestas/deportes/semifinales-del-mundial-2026-partidos-fechas-horarios-y-donde-ver-en-vivo-desde-peru-tdpe-noticia/
Así es el misil intercontinental que China probó desde un submarino nuclear y el mensaje que envía a EE.UU.,"La tríada nuclear es la capacidad de un país para lanzar armas nucleares desde tres plataformas diferentes: misiles balísticos basados en tierra, bombarderos estratégicos y submarinos equipados con misiles balísticos. Esta combinación garantiza que, incluso si una parte del arsenal es destruida por el enemigo, el país conserve la capacidad de responder con un contraataque nuclear. Esa es la base de la estrategia de disuasión de las principales potencias.

MIRA: La batalla por el estrecho de Ormuz que puede desatar una nueva guerra abierta entre Estados Unidos e Irán

Aunque China no ha confirmado oficialmente el modelo del arma ensayada, la mayoría de los analistas occidentales coincide en que muy probablemente fue el JL-3 (Julang-3), un misil balístico intercontinental lanzado desde submarinos (SLBM) y que es el más avanzado del arsenal chino.

Según los medios estatales de China, el misil portaba una ojiva simulada.

Probablemente fue disparado desde un submarino de propulsión nuclear Tipo 094.

Un mapa compartido el lunes por el secretario general del consejo de seguridad de Taiwán, Joseph Wu, mostraba el misil volando cerca de la isla, Filipinas y Guam, y cayendo en algún lugar cerca de Tonga.

El JL-3 tiene un alcance superior a los 10.000 kilómetros y está propulsado por combustible sólido, lo que reduce el tiempo de preparación para el lanzamiento, facilita su almacenamiento durante largos períodos y aumenta su fiabilidad. Estas características fortalecen la capacidad de disuasión nuclear de China, ya que hacen más difícil neutralizar el misil antes de que sea disparado. Todas esas cualidades las tienen las armas nucleares más modernas.

Se estima que el JL-3 puede portar varias ojivas nucleares independientes (MIRV). Se calcula que cada ojiva nuclear posee un rendimiento de entre 250 y 1.000 kilotones

Tiene una longitud de aproximadamente 13 metros, un diámetro de 2 metros y su peso en el momento del lanzamiento es de unos 42.000 kilos.

Para su navegación utilizaría un sistema de guiado astro-inercial combinado con el Sistema de Navegación por Satélite BeiDou, lo que le permitiría mantener una elevada precisión incluso en trayectos intercontinentales.

El misil cuenta con un margen de error circular estimado en 100 metros, lo que lo hace sumamente preciso para un misil de alcance intercontinental.

Gracias a su alcance superior a los 10.000 kilómetros, los submarinos chinos ya no necesitan internarse en el Pacífico abierto para amenazar el territorio continental de Estados Unidos. En cambio, pueden permanecer dentro de los llamados “bastiones”, zonas cercanas a la costa protegidas por la Armada china, como el mar de China Meridional o el golfo de Bohai, desde donde el JL-3 podría alcanzar amplias zonas del territorio estadounidense.

En cuanto a su comparación con otras potencias, por sus características, el JL-3 pertenece a la misma categoría que los misiles balísticos intercontinentales lanzados desde submarinos (SLBM) más avanzados del mundo. Su principal referente es el Trident II D5 de Estados Unidos, considerado el estándar de este tipo de armamento por su alcance cercano a los 12.000 kilómetros, su elevada precisión y su capacidad para transportar múltiples ojivas nucleares.

En el caso de Rusia, su equivalente es el RSM-56 Bulava, también propulsado por combustible sólido y diseñado para equipar a los submarinos estratégicos de la clase Borei.

Para Carlos Aquino, director del Centro de Estudios Asiáticos de la Universidad Nacional Mayor de San Marcos, el ensayo constituye una demostración de fuerza dirigida principalmente a Estados Unidos y a los países del Indo-Pacífico, en un momento de creciente tensión regional por Taiwán, el rearme de Japón y la competencia estratégica entre las grandes potencias del planeta.

Aquino explica a El Comercio que el principal mensaje de Beijing es que continúa modernizando sus Fuerzas Armadas y, especialmente, el componente marítimo de su arsenal nuclear, considerado durante años uno de sus puntos más débiles.

“China quiere afirmar que sigue modernizando sus Fuerzas Armadas y, especialmente, el componente de la disuasión nuclear”, sostiene.

Remarca que la capacidad de lanzar misiles nucleares desde submarinos representa un salto estratégico porque estas plataformas pueden permanecer ocultas durante largos periodos sin ser detectadas, garantizando una capacidad de represalia incluso si el territorio chino fuera atacado.

“China está reforzando su capacidad de lanzar misiles desde submarinos que son silenciosos y no se sabe dónde están. Ese es el mayor significado estratégico: decir que tiene la capacidad de responder desde cualquier lugar si es atacada“, indica Aquino.

El analista hace notar que el ensayo coincidió con el inicio de ejercicios navales conjuntos entre China y Rusia, un contexto que, dice, refuerza la señal política enviada por Beijing de que continúa estrechando su cooperación militar con Moscú mientras acelera la modernización de su fuerza nuclear.

Aquino sostiene que la prueba se inscribe dentro del proyecto impulsado por el presidente Xi Jinping para convertir a China en una potencia militar equiparable —o incluso superior— a cualquier otra antes del 2049, cuando se cumpla el centenario de la fundación de la República Popular China.

“China quiere estar no solo al mismo nivel, sino incluso por encima de cualquier otra potencia del mundo en los ámbitos económico, político y militar”, enfatiza.

En ese objetivo, el fortalecimiento de la capacidad nuclear submarina ocupa un lugar central, sostiene Aquino. Además de ampliar su arsenal nuclear, Beijing busca demostrar que puede operar uno de los sistemas de disuasión más sofisticados del mundo: los submarinos capaces de lanzar misiles balísticos intercontinentales.

Según Aquino, el lanzamiento también busca disipar las dudas generadas tras las recientes purgas y casos de corrupción dentro de las Fuerzas Armadas chinas.

“China está reafirmando que ya juega prácticamente a la par de las grandes potencias en este tipo de capacidades y que va a seguir reforzándolas”.

Lejos de reducir las tensiones, Aquino considera que el fortalecimiento del arsenal nuclear chino probablemente impulsará una respuesta de los aliados de Estados Unidos en la región.

“La idea de China es disuadir a Estados Unidos y a Japón, pero el efecto puede ser el contrario: reforzar las alianzas del otro lado”, estima.

Aquino cree que la prueba podría acelerar la cooperación militar dentro de AUKUS —la alianza entre Australia, Estados Unidos y Reino Unido—, reforzar la alianza entre Washington y Tokio e incluso alimentar el debate en Japón sobre la necesidad de ampliar aún más sus capacidades militares.

Asimismo, considera probable que Corea del Sur intensifique sus programas relacionados con submarinos de propulsión nuclear, mientras Australia continúe avanzando en la incorporación de este tipo de capacidades estratégicas tras confirmar la compra de submarinos a Estados Unidos.

“Definitivamente esto va a causar un mayor revuelo en el Indo-Pacífico y reforzará a ambos bloques”, dice.","Sun, 12 Jul 2026 19:01:27 +0000",https://elcomercio.pe/arc/outboundfeeds/rss/?outputType=xml,https://elcomercio.pe/mundo/asia/china-prueba-misil-balistico-intercontinental-lanzado-desde-un-submarino-nuclear-en-el-pacifico-por-que-genera-preocupacion-slbm-xi-jinping-estados-unidos-noticia/
"Horóscopo de hoy, domingo 12 de julio: pronósticos de salud y amor según tu signo zodiacal","Conoce lo que te deparan las estrellas en el trabajo, negocios y amor, según los signos del zodiaco. Como ya es habitual, compartimos aquí el horóscopo de hoy, sábado 11 de julio.

ARIES (marzo 21-abril 20)

Amor: tomará una iniciativa amorosa que sorprenderá a la persona que más le interesa; hermoso momento.

Salud: una consulta aliviará.

Sorpresa: alguien volverá.

TAURO (abril 21-mayo 20)

Amor: una pequeña atención encenderá la calidez y un encuentro se convertirá en inicio de un romance.

Salud: una molestia se disipará.

Sorpresa: anhelo cumplido.

GEMINIS (mayo 21-junio 21)

Amor: los reproches continuos afectarán la relación pero dejará una enseñanza y al final mejorará.

Salud: cierta fatiga será superada.

Sorpresa: propuesta increíble.

CANCER (junio 22-julio 22)

Amor: una confidencia creará dudas pero una aclaración permitirá la armonía en la pareja.

Salud: un chequeo será oportuno.

Sorpresa: gesto audaz.

LEO (julio 23-agosto 22)

Amor: una circunstancia provocará que un encuentro derive en romance con vivencias inolvidables.

Salud: con equilibrio, buena.

Sorpresa: viaje imprevisto.

LIBRA (septiembre 23-octubre 22)

Amor: momentos agradables revivirán el inicio romántico de la pareja y crecerá la calidez.

Salud: los nervios se calmarán.

Sorpresa: regalo deslumbrante.

ESCORPIO (octubre 23-noviembre 21)

Amor: algunos roces provocarán tirantez en la pareja pero no insistirán en discutir.

Salud: descansará mejor cada día.

Sorpresa: elogio inesperado.

SAGITARIO (noviembre 22-diciembre 21)

Amor: la pareja crece y las confusiones se aclaran pero la calidez aun no aparece.

Salud: una dolencia será superada.

Sorpresa: alguien será indiscreto.

CAPRICORNIO (diciembre 22-enero 20)

Amor: una persona se acercará y le aceptará así como es y una relación comenzará.

Salud: una consulta dará alivio.

Sorpresa: acuerdo rápido.

ACUARIO (enero 21-febrero 19)

Amor: algún gesto encenderá una llama que cree extinguida y su encanto brillará en lo íntimo.

Salud: un control estará oportuno.

Sorpresa: un amigo viajará.

PISCIS (febrero 20-marzo 20)

Amor: ciertos problemas serán un obstáculo que la pareja deberá superar y lo logrará con afecto.

Salud: momento para comer sano.

Sorpresa: encuentro divertido.

SI USTED CUMPLE AÑOS HOY ES UNA PERSONA: VALIENTE. NO LE TEME A NADA NI A NADIE. SIEMPRE SE EMBARCA EN AVENTURAS.","Sun, 12 Jul 2026 15:19:46 +0000",https://elcomercio.pe/arc/outboundfeeds/rss/?outputType=xml,https://elcomercio.pe/luces/vida-social/horoscopo-de-hoy-en-vivo-y-predicciones-gratis-domingo-12-de-julio-2026-segun-tu-signo-zodiacal-aries-tauro-geminis-cancer-leo-virgo-libra-escorpio-sagitario-capricornio-acuario-piscis-lbposting-noticia/
New Balance Lima 15K: la historia de 3 deportistas que lograron destacar en la carrera que une a una ciudad,"Desde las primeras horas de la mañana se congregaron 3.500 almas en el punto de partida de una de las carreras más esperadas del año. La New Balance Lima 15K powered by El Comercio y organizada por Peru Runners comenzó su circuito en San Isidro, reuniendo a corredores de clubes, familias, atletas amateurs y ‘runners’ experimentados, además de una intensa energía y una comunidad de deportistas bastante entusiasta. Conversamos con tres de ellos para conocer sus historias de vida, así como su amor por un deporte de entrenamiento solitario, en el que uno mismo es su propio equipo.

MIRA: Manuel Limay, el fotógrafo cajamarquino que encontró en las papas la superficie para mostrar los rostros de su entorno

Pareciera que los deportistas guardan esa pasión en el alma desde que nacen y solo falta un impulso para que aparezca. Tal es el caso de Jazmin Matos (Huancayo, 2001) de 24 años, auspiciada élite de New Balance. En su primera carrera durante su etapa escolar en la primaria, recuerda Jazmin, no tenía idea de cómo sería, pero se lanzó a correr 600 metros. “Tenía miedo, pero llegué en primer lugar”, nos dice, y desde ese momento se enamoró del atletismo y no dejó de entrenar hasta hoy.

Motivada por sus logros y clasificaciones en competencias del extranjero, Jazmin se ha dedicado profesionalmente al atletismo. “El deporte me ha abierto puertas, me ha dado mucha disciplina y constancia. Les diría a los jóvenes que entrenan que este deporte no es fácil, pero con dedicación y disciplina podremos lograr nuestros objetivos. No hay que dejarlo, siempre debemos resistir”. Para Jazmin, las lesiones son los retos más difíciles. Hubo ocasiones —confiesa— en que quiso tirar la toalla: “He dicho hasta aquí nomás. Con una lesión a veces quieres rendirte, pero es cuando tienes que persistir y, a veces, para mejor. Nos vienen mejores cosas y se abren más puertas”.

En Lima, durante la New Balance Lima 15K powered by El Comercio, cada atleta tiene en mente su estrategia y en esta ocasión Jazmin nos cuenta que fue hasta el kilómetro 9 con las demás chicas. A partir de ese punto, pudo marcar su paso hasta romper la meta. “Es una emoción única ganar la carrera y más aún la carrera de la marca que me auspicia. El año pasado quedé en segundo lugar y este año pude ganar. También mejoré mi tiempo, pues el año pasado hice 52:30 y ahora 50:53 minutos”, detalla Jazmin, quien superó a la ganadora de 2025 y logró así su revancha.

Jazmin Matos es la única de cinco hijas que se dedica al deporte, un camino que llena de orgullo a su familia. Su sueño —y para lo que se está preparando— es representar al Perú en los Juegos Olímpicos. Al paso que avanza, seguramente, la veremos en el podio internacional.

Atletismo de altura

También participó Alejandro Alania (Pasco, 2001), de 25 años, otro auspiciado élite de New Balance. Practica el atletismo desde los 15. Se inspiró viendo correr a atletas de alto nivel en la Maratón Internacional Meseta del Bombón que se desarrolla en Pasco y es considerada la más alta del mundo. Él creció a más de 4 mil metros sobre el nivel del mar, con frío, menos oxígeno y largas caminatas desde pequeño debido a la labor ganadera de su familia. Por eso suele pensar que, sin saberlo, pasear a los animales o ir a la escuela caminando fueron sus primeros entrenamientos: “Nacer en la altura te da ventajas. El cuerpo humano es lo más hermoso que hay porque se puede adaptar a todos los climas posibles del mundo. El mío se fue adaptando a la falta de oxígeno, a la altura, y mi sistema inmunológico se fortaleció desde pequeño”.

Con el tiempo, Alejandro ha cultivado este deporte solitario que requiere de resistencia, enfoque y perseverancia: “No todos los días te va bien, pero tienes que perseverar, trabajar en lo que has analizado, pensar en por qué no has podido lograr algún objetivo. Este deporte logra que no te rindas tan fácilmente en la vida. Te da disciplina y eso es muy importante en el camino al éxito”, explica sobre su trabajo en el atletismo.

Como deportista profesional y titulado en Educación Física, una especialidad con la que orientará a las nuevas generaciones, Alejandro resalta los valores de mantener un deporte en la vida desde pequeños: “Da buenos hábitos, una vida saludable y evita los vicios. El deporte ayuda bastante. No hay que olvidar que aparte de ser atletas somos personas, ciudadanos, hijos, hermanos, colegas”, advierte. En la competencia del domingo pasado, Alejandro llegó en el tercer puesto de la categoría masculina, con 44:51 minutos y una diferencia de un segundo con el segundo lugar y cuatro segundos con el primero. Acostumbrado a las largas distancias, esta competencia de 15K ha sido para él una nueva experiencia: “Lo bonito del atletismo es que cada carrera es distinta, tiene una historia, con sus pros y sus contras; y lo más bonito es que a la vuelta de la esquina está la revancha”.

Fiesta deportiva

Cuando Nadia Salomón (Lima, 2000), deportista auspiciada por New Balance, dejó de practicar equitación hace unos años para concentrarse en su carrera de Comunicaciones, sintió que parte de su identidad se había esfumado: “Me mantuve activa pese a no competir en la equitación. Poco a poco le agarré más el gusto al deporte, especialmente a correr, y comencé a inscribirme en carreras. En 2023 corrí mi primera media maratón. Había hecho distancias menores anteriormente, pero nunca tomándomelo en serio, pero esa vez la intención era distinta, buscaba ver qué tanto me podía exigir a mí misma, retarme en un nuevo deporte y me encantó. Desde entonces no he parado de competir”. Ya lleva dos años trabajando con la marca y ha podido correr en maratones como la de Nueva York y Londres, consideradas entre las ocho más grandes del mundo. Ahora se está preparando para la maratón de Berlín, en setiembre.

Para Nadia, reencontrarse con la comunidad de ‘runners’ en citas deportivas como la New Balance Lima 15K es una oportunidad bastante especial. Esta carrera volvió el 2025 después de 11 años, por lo que se sintió esa nostalgia durante el evento. “Este año la emoción de la comunidad es mayor”, señala Nadia. Y eso se puede percibir en el ambiente de la competencia, una fiesta deportiva que congregó a 3.500 inscritos y que comenzó, incluso, desde los días previos (con la entrega de kits), un gesto que hizo sentir especial a cada corredor.

Alejandra Rodriguez Larrain, gerenta general de Peru Runners (grupo que organiza el evento) destaca que las inscripciones se agotaron en solo dos horas debido a la emoción de los participantes. Para el próximo año buscan incrementar la cantidad de cupos para quienes no alcanzaron a correr: “Es una bonita distancia para conocer el talento de todos los rincones del Perú”, afirma. //","Sun, 12 Jul 2026 18:57:17 +0000",https://elcomercio.pe/arc/outboundfeeds/rss/?outputType=xml,https://elcomercio.pe/somos/historias/new-balance-lima-15k-la-historia-de-3-deportistas-que-lograron-destacar-en-la-carrera-que-une-a-una-ciudad-noticia/
¿Hasta cuándo pueden depositarte la gratificación de julio 2026? Esta es la fecha límite,"A medida que se acercan las Fiestas Patrias, millones de trabajadores esperan con expectativa la llegada de un ingreso adicional que suele representar un importante alivio para la economía familiar. Se estima que más de 4 millones de empleados formales serán beneficiados con este pago extraordinario, considerado uno de los derechos laborales más valorados del año y que, para muchos, significa la oportunidad de ponerse al día con deudas, ahorrar o realizar compras planificadas. Sin embargo, no todos accederán automáticamente a este beneficio. La gratificación de julio está dirigida a quienes laboran en el sector privado bajo una relación laboral formal y figuran en planilla, así como a los trabajadores del sector público contratados bajo el régimen laboral de la actividad privada. Conocer quiénes cumplen los requisitos y qué condiciones establece la normativa será clave para saber si corresponde recibir este esperado pago.

¿Cuándo se darán los pagos de la gratificación de julio para los trabajadores de los diferentes sectores?

Antes de la quincena del mes de julio, una gran parte de empleados verá reflejado este ingreso en sus cuentas, aunque la fecha exacta dependerá del régimen laboral y del cronograma establecido por cada empleador. Sin embargo, existe un detalle que pocos conocen: no todos los trabajadores reciben el mismo beneficio ni bajo las mismas condiciones. Mientras algunos accederán a pagos adicionales previstos por la legislación laboral, otros percibirán únicamente su remuneración habitual, por lo que conocer quiénes son los beneficiarios y cuándo corresponde cada depósito resulta fundamental para evitar confusiones. Asimismo, el docente de Finanzas de la Universidad del Pacífico, Jorge Carrillo Acosta, estima que este año se brindará S/ 10.000 millones por gratificación de julio 2026 en el país.

¿Cómo se puede calcular la gratificación que corresponde a cada trabajador como un derecho laboral?

Antes de la primera quincena de julio, los trabajadores que hayan laborado de manera continua entre enero y junio de 2026 tienen derecho a recibir una gratificación equivalente a un sueldo mensual. En cambio, quienes no completaron todo el semestre percibirán un monto proporcional, calculado en función de un sexto de la remuneración computable por cada mes calendario completo trabajado. Si el empleado recibe asignación familiar, este concepto también se incorpora al cálculo. Asimismo, las remuneraciones variables, como comisiones, horas extras o bonificaciones, serán consideradas siempre que se hayan percibido al menos en tres oportunidades durante el semestre.

Además del pago de la gratificación, la normativa contempla una bonificación extraordinaria establecida por la Ley 30334, equivalente al 9 % del beneficio para los trabajadores afiliados a EsSalud y al 6,75 % para quienes están cubiertos por una EPS. El especialista en finanzas Jorge Carrillo Acosta resaltó que este ingreso no está sujeto a descuentos por aportes a la AFP ni al Impuesto a la Renta, lo que permite que el monto recibido sea superior al salario neto habitual. Como referencia, un trabajador con un sueldo bruto de S/ 2.000 recibiría cerca de S/ 2.180; con S/ 3.000, alrededor de S/ 3.270; con S/ 5.000, aproximadamente S/ 5.450; y con una remuneración de S/ 10.000, el pago alcanzaría unos S/ 10.900.

¿Qué pasará con las empresas que no cumplan con el pago de las gratificaciones a los trabajadores?

No cumplir con el pago oportuno de la gratificación puede generar serias consecuencias para los empleadores. Según advirtió el especialista laboral Juan Valera, este incumplimiento es considerado una infracción grave en materia de relaciones laborales, por lo que las empresas se exponen a importantes sanciones económicas impuestas por la autoridad competente. En el caso de las pequeñas empresas, las multas pueden variar entre 0,45 y 4,50 UIT, lo que representa montos de S/ 2.475 a S/ 24.750, de acuerdo con la cantidad de trabajadores perjudicados. Para las empresas que no forman parte del régimen mype, las sanciones son considerablemente mayores y oscilan entre 1,57 y 26,12 UIT, es decir, desde S/ 8.635 hasta S/ 143.660.","Sun, 12 Jul 2026 18:40:00 +0000",https://elcomercio.pe/arc/outboundfeeds/rss/?outputType=xml,https://elcomercio.pe/respuestas/tramites/gratificacion-de-fiestas-patrias-2026-cual-es-el-ultimo-dia-para-recibir-el-deposito-de-julio-tdpe-noticia/
El Parlamento de Israel fija las próximas elecciones generales para el 27 de octubre,"Israel celebrará elecciones legislativas el próximo 27 de octubre, la fecha límite fijada por ley, después de que el actual Parlamento complete el 17 de julio su mandato íntegro de cuatro años, informó este domingo la cámara en un comunicado.

El anuncio fue realizado por el presidente de la Comisión de la Knéset (Parlamento), el diputado del partido derechista Likud Ofir Katz, durante el debate del proyecto de ley de financiación de partidos que incorpora una disposición que fija el inicio del receso electoral para el próximo día 17.

PUEDES VER: Netanyahu acuerda con Trump “mantener coordinación” en diversos temas y critica a Erdogan

De cumplirse el calendario, serán las primeras elecciones convocadas en la fecha establecida por ley en Israel en cerca de 40 años y las primeras en las que un Gobierno completa su mandato en más de medio siglo.

La asesora jurídica de la Knéset, Sagit Afik, señaló que la cámara “completará su mandato íntegro y no será disuelta”, por lo que no será necesario aprobar una ley de disolución, ya que los comicios se celebrarán en la fecha prevista por la legislación israelí.

La confirmación llega un mes después de que la oposición fracasara en su intento de impulsar elecciones anticipadas mediante la disolución de la Knéset.

La iniciativa fue entonces rechazada por 61 votos frente a 53, después de que los partidos ultraortodoxos Shas y Judaísmo Unido de la Torá, socios de la coalición del primer ministro, Benjamin Netanyahu, retiraran su apoyo tras alcanzar un principio de acuerdo con el Gobierno sobre la controvertida ley del servicio militar para los ultraortodoxos.

En junio de 2024, el Tribunal Supremo de Israel dictaminó que el Ejército debía comenzar a reclutar a los judíos ultraortodoxos después de que expirara la norma temporal que les permitía quedar exentos del servicio militar obligatorio. La decisión llevó al Gobierno a promover un proyecto de ley para preservar buena parte de esas exenciones, aunque prevé incorporar al servicio a una parte de esta comunidad.

La cuestión del servicio militar de los ultraortodoxos se ha convertido en uno de los principales focos de tensión política en Israel, especialmente desde el inicio de la guerra en la Franja de Gaza, que ha incrementado las necesidades de personal del Ejército y obligado a ampliar el servicio obligatorio y a movilizar a decenas de miles de reservistas.","Sun, 12 Jul 2026 18:37:27 +0000",https://elcomercio.pe/arc/outboundfeeds/rss/?outputType=xml,https://elcomercio.pe/mundo/oriente-medio/elecciones-en-israel-el-parlamento-de-israel-fija-las-proximas-elecciones-generales-para-el-27-de-octubre-benjamin-netanyahu-ultimas-noticia/
“Good Boy” llegó a Prime Video: nuestra crítica de la película de terror sobrenatural protagonizada por un perro,"No recuerdo demasiadas películas en las que los animales, por más protagonistas que sean, tengan un rol y una presencia absolutamente central en la trama y la pantalla (una más o menos reciente es la extraordinaria “EO” del polaco Jerzy Skolimowski, con su burro estelar). Y en eso encaja “Good Boy”, cinta de terror sobrenatural en la que el perro Indy –su nombre en la ficción y en la realidad– lo abarca todo: la cámara está casi siempre a su altura, sus ojos se confrontan con los nuestros, lo seguimos de cerca cuando se mueve de una habitación a otra, e incluso nos detenemos a observarlo cada vez que no hace nada.

MIRA: Renovando incertidumbres, por Alonso Cueto

Dirigida por Ben Leonberg, la película se centra en Indy y su dueño Todd, quien decide mudarse a la vieja casa de su fallecido abuelo, bastante aislada dentro de un bosque. El asunto es que Todd enfrenta una enfermedad pulmonar que a ratos lo sume en severas crisis, con el perro como su único acompañante. A la par de esa situación, en la antigua casa a la que la dupla se ha traslado comienzan a manifestarse situaciones extrañas, con señales espectrales y maléficas que solo el can protagonista parece detectar.

Así, los raptos de horror en “Good Boy” no son gruesos ni estruendosos, y están más bien presentados a través de la mirada fija y concentrada de Indy. Quien haya visto a su propio perro en estado de alerta, mirando algún rincón oscuro de la casa, sabrá entender la pregunta de si es que acaso existe algo imperceptible a nuestros ojos que estos animales pueden captar. Con esa idea parece jugar el director, que denota una empatía y una comprensión bastante especial por las conductas perrunas (de hecho, Indy es su propia mascota, no un perro entrenado para actuar).

Pero además de no ser una cinta que gire en torno a los humanos (aquí las personas aparecen sumergidas entre sombras o directamente cortadas mediante el encuadre), “Good Boy” posee otro valor destacable: no cae en la manía de volcar en el animal habilidades humanas y menos aún poderes inverosímiles. Aquí no hay necesidad de saltos heroicos, ladridos exageradamente comunicativos o piruetas imposibles. Indy se desenvuelve como un perro promedio, y le bastan sus naturales gestos caninos para transmitir lo que el director desea. Como todo perro, su mirada es sencilla, pero dice mucho.

Esa renuncia al habitual antropocentrismo en este tipo de historias es lo mejor de “Good Boy”. Pero también su mensaje más subliminal, por decirlo de algún modo; aquello que está sujeto a la interpretación: la idea de que el horror en la película es la manifestación de la enfermedad y la muerte, y de que su percepción no solo pasa por un olfato agudo o un oído fino. Como si alguna aprehensión diferente, superior, especial, fuera inherente a estos animales, en la forma de un misterio tan hermoso como conmovedor.","Sun, 12 Jul 2026 18:15:00 +0000",https://elcomercio.pe/arc/outboundfeeds/rss/?outputType=xml,https://elcomercio.pe/eldominical/resenas/good-boy-en-streaming-donde-y-por-que-ver-la-pelicula-de-terror-prime-video-noticia/
La brutal batalla entre Luffy e Imu en Elbaph: qué pasó con el protagonista de “One Piece” en el capítulo 1188 del manga,"¡“One Piece” ha vuelto a poner a su protagonista contra las cuerdas! Y es que el manga de Eiichirō Oda entregó un nuevo capítulo que profundiza en el enfrentamiento más importante de la saga final, ese que presenta a Monkey D. Luffy contra la figura más poderosa y misteriosa del Gobierno Mundial: Imu. Así, si sigues la historia semana a semana, ya sabes que este cruce se venía cocinando desde hace tiempo y que, lejos de resolverse rápido, cada entrega suma más preguntas sobre hacia dónde va todo esto.

Vale precisar que la obra se centra en las aventuras de Monkey D. Luffy, un joven pirata que busca encontrar un tesoro legendario y convertirse en el Rey de los Piratas, mientras reúne una tripulación y se enfrenta a los poderes más peligrosos del mundo.

En ese sentido, en la etapa actual del manga, el relato sitúa a los Sombrero de Paja en Elbaph, la isla de gigantes donde Luffy se cruza con el aterrador Imu.

¿QUÉ PASÓ EN EL CAPÍTULO 1188 DEL MANGA “ONE PIECE”?

¡Atención, SPOILERS! El capítulo 1188 de “One Piece”, titulado “Vacío”, arranca con un recuerdo del pasado en el que Imu tiene su primer encuentro con Joy Boy, antes de volver al presente para retomar el combate directo contra Luffy.

Allí, Imu despliega unas llamas negras capaces de cambiar de dirección para golpear a su rival, y Luffy responde con distintas variantes de su Gear 5, incluida una transformación en genio de la lámpara.

De esta manera, el capítulo combina momentos de comedia típicos de la historia con una escalada de tensión que termina en uno de los cierres más comentados del manga en los últimos meses.

Resulta que Imu saca la espada del vacío, con la que hiere a Luffy en el pecho mientras le asegura que Joy Boy jamás habría sido tan débil como él.

¿MURIÓ LUFFY EN EL CAPÍTULO 1188 DE “ONE PIECE”?

Hasta el momento, eso no se ha confirmado: este capítulo de “One Piece” cierra con la espada de Imu atravesando el pecho de Luffy en pleno sangrado, sin mostrar una resolución clara sobre su estado.

Sin embargo, debemos tener en cuenta que el muchacho ya sobrevivió a una situación límite durante el arco de Wano, cuando ese momento de quiebre terminó desbloqueando el Gear 5.

Así, buena parte de la comunidad de fans interpreta esta escena como el posible punto de partida para un nuevo salto de poder, aunque solo el tiempo nos dará la respuesta definitiva.

¿QUÉ VIENE DESPUÉS DEL CAPÍTULO 1188 DE “ONE PIECE”?

Este capítulo de “One Piece” confirma que el desenlace de la brutal batalla entre Luffy e Imu se mantendrá en pausa por unos días más: hasta el domingo 26 de julio del 2026.

Mientras tanto, el resto de la tripulación sigue repartida en distintos frentes dentro de Elbaph: Zoro se enfrenta a Sommers, Sanji tiene su propio cruce con el Caballero Divino Killingham, y el cubo de hielo que mantenía atrapada a la princesa Shuri por fin comienza a derretirse, un hilo que probablemente se retome en las próximas entregas de la obra.

¿Te apasionan las series y películas? Sigue nuestro canal en WhatsApp para recibir las novedades más comentadas directamente en tu celular 👉 Únete aquí","Sun, 12 Jul 2026 18:09:39 +0000",https://elcomercio.pe/arc/outboundfeeds/rss/?outputType=xml,https://elcomercio.pe/mag/fama/que-ver/one-piece-que-paso-con-luffy-en-el-capitulo-1188-del-manga-de-eiichiro-oda-nnda-nnlt-noticia/
¿Cuánto es el monto de tu sueldo neto en 2026? Aprende a calcular tu pago con descuentos,"Muchos trabajadores en Perú saben cuánto ganan en papel, pero pocos saben con exactitud cuánto llega a su cuenta cada fin de mes y por qué. Conocer ese número con precisión es el punto de partida para gestionar mejor la economía personal, negociar con fundamento y planificar tu futuro, señaló Buk Perú.

MÁS INFORMACIÓN: Freddy Solano renuncia al cargo de Ministro de Trabajo

“El desafío no es conocer la fórmula en abstracto, sino aplicarla correctamente a la situación particular de cada trabajador y su contexto: el mes del año en que te encuentras, tu sistema previsional, si tienes cargas familiares. Cada variable importa”, indica Jimmy Huatuco, jefe de Proyectos, Buk Perú.

¿Sueldo bruto o neto?

El sueldo bruto es la suma de todos los ingresos percibidos en el mes: el sueldo base pactado en el contrato más cualquier otro concepto remunerativo que corresponda en ese período, como comisiones, horas extras, asignación familiar o movilidad. El sueldo neto es lo que efectivamente depositan en tu cuenta, una vez aplicados los descuentos legales correspondientes.

Buk Perú explicó que las afectaciones legales no se aplican de la misma manera a todos los conceptos. Cada uno tiene una naturaleza particular que determina si está sujeto o no a descuentos, por lo que el cálculo correcto exige revisar concepto por concepto. Entre el bruto y el neto, si no se entienden estos descuentos, pueden generar confusión o incluso la sensación de que “algo está mal” en el recibo.

Para 2026, los descuentos obligatorios que afectan directamente al trabajador en planilla son:

AFP u ONP: el aporte al sistema de pensiones. Si estás en AFP, el descuento incluye el aporte obligatorio (10%), la comisión por flujo (varía según la AFP) y la prima de seguro. Si estás en ONP, el descuento es fijo: 13% de tu remuneración bruta.

Renta de quinta categoría: un impuesto a la renta que aplica solo si tus ingresos anuales superan las 7 UIT (S/37,100 en 2026). Se retiene mensualmente de forma proporcional.

Asignación familiar: no es un descuento, sino un beneficio. Si tienes hijos menores de 18 años, tu empleador debe sumar a tu sueldo bruto el equivalente al 10% de la RMV (S/ 113 en 2026).

LEE TAMBIÉN: ProInversión: Proyectos de Obras por Impuestos superaron los S/5.800 millones en el primer semestre

¿EsSalud o EPS le descuenta al colaborador?

Un dato que suele generar confusión: EsSalud representa el 9% de tu remuneración bruta, pero lo paga íntegramente el empleador. No aparece como descuento en tu boleta. Si tu empresa ofrece EPS como seguro complementario, el empleador asume el 6,75%. Este punto importa porque forma parte del costo total de contratarte, información relevante si alguna vez vas a negociar un ajuste salarial. Según Huatuco de Buk Perú, comprender el desglose del sueldo tiene consecuencias prácticas concretas:

Para negociar: saber cuánto equivale en bruto el neto que quieres alcanzar te da un argumento preciso frente a tu empleador.

Para planificar: conocer tu neto real permite construir un presupuesto mensual sin sorpresas.

Para proyectar: algunos descuentos, como la renta de quinta categoría, varían según el mes del año y los ingresos acumulados. Anticiparlo evita que el último trimestre del año te “caiga” una retención mayor.","Sun, 12 Jul 2026 18:09:00 +0000",https://elcomercio.pe/arc/outboundfeeds/rss/?outputType=xml,https://elcomercio.pe/economia/peru/sueldo-neto-en-peru-2026-que-se-descuenta-cuanto-recibes-y-como-planificar-mejor-con-ese-dato-l-ultimas-noticia/
Daniel Alarcón: “Ha sido difícil encontrar el modelo de negocio que sostenga el trabajo periodístico serio”,"Daniel Alarcón (Lima, 1977) estaba de viaje con su familia cuando recibió la noticia. De profesor asociado pasa a ser profesor titular en la Columbia Journalism School de Nueva York, escuela cuya reputación habla por sí misma. Allí es donde ocurren las deliberaciones de los Premios Pulitzer, el mayor galardón al periodismo en Estados Unidos. Puede que incluso del mundo.

“Sí, o sea es algo de… ¿Prestigio?”, expresa con modestia el maestro de periodismo sonoro y narración de no ficción en la universidad, cuya facultad de periodismo alberga más de 140 estudiantes de todo el mundo y alrededor de 105 profesores a tiempo completo. Pero más allá del privilegio de tener un espacio reservado en el estacionamiento, el cargo viene con la responsabilidad de pensar y discutir en las aulas el rol del periodismo en la era de los reels de TikTok e Instagram.

“Tendré más responsabilidad para marcar la hoja de ruta de lo que pretendemos dictar a los estudiantes que les sigue interesando el periodismo —dice Alarcón—. Hoy en día los periodistas tienen que ser flexibles a los nuevos formatos para presentar sus historias. Porque las audiencias están cada vez más dispersas en redes sociales y algunas personas no tienen el hábito de escuchar historias de media hora”, dice.

LEE MÁS: “Lo que tenemos acá [en Perú] son grandes mafias ligadas a un Congreso inútil”

“Ha sido difícil encontrar el modelo de negocio que sostenga el trabajo periodístico serio. A nosotros, los periodistas a quien nos preocupa el futuro de la profesión y sobre todo que valoramos su rol en una democracia funcional, tenemos que arremangarnos y meternos en el fango para encontrar esas audiencias para poder monetizar este trabajo”, sostiene Alarcón.

Con “Radio Ambulante”, Alarcón se tiró a la piscina con una buena dosis de rebeldía. Mientras en el 2011 buena parte del periodismo pensaba en narrar con imágenes, él apostó únicamente por el audio. “Me gusta contar historias largas”, dice. En el podcast periodistas latinoamericanos hablan en español por casi una hora sobre temas de todo el mundo, pero siempre con un vínculo a la comunidad hispanohablante. Algunos de sus capítulos más recordados son “La presidenta del amor”, sobre una trabajadora sexual a la que le arrebatan a su hija, “Contra la gastronomía peruana”, con testimonios recogidos en el Centro de Lima, “Historia clínica”, sobre la eutanasia, etc.

“A uno le duele darse cuenta que está viejo, pero, en términos demográficos, soy un dinosaurio”, dice Alarcón. A su hijo de 13 años, su querido “bicho raro”, le gusta hablar de geopolítica. Y al periodista, las novelas de 300 páginas, y en general contenido extenso, que tome horas consumir. Pero a pesar de que a él le entusiasme el contenido que requiere mayor concentración, todavía le sorprende cuando sus estudiantes más jóvenes quieren hacer, por ejemplo, un podcast extenso cuando ellos mismos suelen informarse con un video de TikTok de 1 minuto.

“Es importante que nosotros, los periodistas mayores, entendamos lo siguiente. Por un lado, hay un valor en el periodismo narrativo y va más allá de los gustos de la gente, porque un formato largo te permite adentrarte en una problemática por completo. Y, por otro lado, aunque suene contradictorio, siento que los periodistas no debemos ser ‘snobs’ con nuestra audiencia. Es decir, es incorrecto pensar que leer un texto de 4000 palabras en el New Yorker es la única manera de entender una noticia. La gente tiene hambre de información, análisis y conocimiento. Eso no ha cambiado”, sentencia.

LEE MÁS: Daniel Alarcón tras recibir prestigioso premio de EE.UU. : “Lo que me da esta beca es tiempo para hacer proyectos locos”

Que un peruano, cofundador de un podcast en español ocupe hoy una cátedra en la Universidad de Columbia dice tanto de su carrera como de la manera en que el Perú se hace notar en el corazón de la academia estadounidense. Desde ese lugar, Alarcón insiste en que la tarea central es dar a los jóvenes periodistas herramientas para hacer videos verticales con información verificada, pero sin sacrificar la personalidad. Le interesa que aprendan a mostrarse como personas reales detrás de las noticias. Y seguirá en esa apuesta, incluso cuando el algoritmo parece poner a prueba al periodismo todos los días.","Wed, 10 Jun 2026 17:00:00 +0000",https://elcomercio.pe/arc/outboundfeeds/rss/?outputType=xml,https://elcomercio.pe/luces/libros/daniel-alarcon-ha-sido-dificil-encontrar-el-modelo-de-negocio-que-sostenga-el-trabajo-periodistico-serio-noticia/
Más de 53.000 extranjeros deportados y repatriados de Sudáfrica en plena ola de xenofobia,"Más de 53.000 extranjeros han sido procesados ​​para su deportación y repatriación de Sudáfrica, en un intento de combatir la migración irregular y en plena escalada de tensión por la ola de ataques xenófobos de los últimos meses, informó este domingo el Gobierno sudafricano.

“Hemos seguido facilitando el retorno de extranjeros a sus países, ya sea mediante la deportación o la repatriación voluntaria asistida”, afirmó la ministra de Justicia y presidenta del Comité Interministerial (IMC, en inglés) sobre Migración, Mmamoloko Kubayi, en una rueda de prensa en Pretoria.

Las autoridades recalcaron que la repatriación “se refiere al acto de devolver a una persona a su país de origen”, mientras que la deportación “es un proceso formal y legal mediante el cual un gobierno expulsa a un extranjero de su país”.

PUEDES VER: Miles de manifestantes antiinmigración protestan en Sudáfrica en plena ola de xenofobia

En las últimas semanas y hasta el 11 de julio, precisó, “un total de 53.449 extranjeros han sido procesados ​​para su deportación y repatriación, principalmente malauíes (más del 80 %), seguidos de zimbabuenses y mozambiqueños”.

Las repatriaciones a países fuera del sur de África ascienden a 2.615 e incluyen 431 retornos a Kenia, 1.159 a Nigeria, 86 a la República del Congo (RDC) y 939 a Uganda.

Detenidas 350 personas

Hasta el 8 de julio, las fuerzas del orden registraron 205 casos y detuvieron a 350 personas relacionadas con intimidación, justicia por mano propia y delitos vinculados a la migración.

De esos casos, un total de 112 ya se encuentran en los tribunales.

La ministra aseveró que “la gestión de la inmigración, el control de fronteras, la deportación y la repatriación facilitada son responsabilidad exclusiva del Estado, y ningún individuo o grupo tiene autoridad para tomarse la justicia por su mano ni para intimidar, amenazar o expulsar ilegalmente a ninguna persona de ninguna comunidad”.

En ese sentido, el IMC condenó las acciones ilegales de grupos aislados que, según medios locales, realizan controles de identidad a ciudadanos extranjeros en Sudáfrica mediante registros en viviendas y negocios sospechosos de albergar a migrantes indocumentados.

La tensión en Sudáfrica ha aumentado durante los últimos meses por una ola de ataques xenófobos y protestas antiinmigración, que culminó el pasado 30 de junio, cuando miles de personas salieron a las calles en una fecha que los convocantes habían dado como límite para que los indocumentados abandonasen el país.

Grupos antiinmigración

Los grupos antiinmigración culpan a los migrantes africanos de los problemas económicos del país, la deficiente prestación de servicios públicos y las altas tasas de delincuencia, y han llegado a impedir que accedan a atención médica y educación en instalaciones públicas.

LEE TAMBIÉN: Trump eleva cuota de refugiados para acoger a 10.000 sudafricanos blancos más

El Gobierno sudafricano, por su parte, ha condenado estos ataques, pero ha reivindicado su derecho a frenar la inmigración irregular.

Países como Uganda, Kenia, Nigeria, Zimbabue, Malaui, Ghana o Mozambique han repatriado en las últimas semanas a miles de ciudadanos que solicitaron regresar a sus países de origen por miedo a los ataques xenófobos.

Las tensiones xenófobas son un problema recurrente en Sudáfrica y, a menudo, han desembocado en oleadas de protestas violentas, especialmente en los barrios más vulnerables.

La actual crisis ha provocado, de momento, más de diez muertes, según datos oficiales.

El peor estallido xenófobo que se recuerda tuvo lugar en 2008, cuando más de 60 personas perdieron la vida y las protestas de este tipo más graves de los últimos tiempos fueron a finales de 2019, con al menos 18 extranjeros muertos.","Sun, 12 Jul 2026 17:57:01 +0000",https://elcomercio.pe/arc/outboundfeeds/rss/?outputType=xml,https://elcomercio.pe/mundo/africa/mas-de-53000-extranjeros-deportados-y-repatriados-de-sudafrica-en-plena-ola-de-xenofobia-ultimas-noticia/
La influencia de Pedro Castillo en las bancadas del Congreso bicameral: La interna de Juntos por el Perú,"Los congresistas electos de ambas bancadas esperaban debatir sobre la conformación de las vocerías, con el fin de escuchar propuestas y tomar una decisión según la ternas de candidatos que obtengan mayor respaldo en una votación. Sin embargo, el ex postulante presidencial y líder del partido, Roberto Sánchez, llegó a la reunión con una consigna distinta.

“El profesor ha dicho que sea su hermano”. Esa es la frase que dijo Sánchez en la reunión, según las fuentes consultadas. Tras la frase, según las mismas fuentes, no se permitió debate. La orden de Pedro Castillo, dada desde Barbadillo, fue acatada y dejó en el aire algunos consensos alcanzados previamente, como el del congresista reelecto Jaime Quito, quien postulaba a ser vocero de la bancada de senadores de JP apelando a su “experiencia”.

Sánchez también informó a los congresistas electos que en diputados había llegado a un acuerdo para que el vocero titular sea Ernesto Zunini -secretario general del partido y hombre de su confianza- y la alterna sería Yenifer Paredes, cuñada de Pedro Castillo.

Otras fuentes explicaron que el ‘castillismo’ cuenta con mayor peso numérico en la bancada de senadores, lo cual explicaría la razón por la cual Sánchez cedió la vocería.

Mientras que Castillo cuenta con ocho senadores (seis profesores y dos que se han acoplado al grupo), Sánchez solo cuenta con seis parlamentarios que puede considerar como “leales”. En diputados, la balanza se encuentra más a favor del ala partidaria, con 16 partidarios de Sánchez, 10 profesores y seis considerados “independientes”.

Fuentes del entorno de Juntos por el Perú alegan que la estrategia de Roberto Sánchez -en ceder espacio legislativo a Castillo- apunta a mantener el apoyo de sus bases con miras a las elecciones presidenciales 2031, donde buscará postular por segunda vez a la presidencia de la República.

“El análisis de Sánchez es que, al haber ganado Keiko Fujimori, Castillo seguirá preso un tiempo”, relataron las fuentes.

A esto se suma de que Sánchez cuenta con la marca partidaria, mientras que el partido de Castillo, Todos con el Pueblo, no logró inscribir las listas suficientes para las elecciones subnacionales de octubre, por lo que perderá su membrete legal.

Pero antes de llegar a las elecciones, en la interna de las bancadas de Juntos por el Perú ha surgido la duda sobre cómo será la convivencia entre el bloque de Sánchez y Castillo, sobre todo cuando se definan la repartición de espacios de poder, como la de las presidencias de comisiones ordinarias.

Para Jeffrey Radzinky, director de GFP Consultores, queda claro que la facción castillista de Juntos por el Perú llega con una agenda marcada respecto a la liberación del expresidente recluido en Barbadillo. “Roberto Sánchez está procurando mantener ese liderazgo opositor, pero le va a ser complicado porque ni siquiera queda claro que tenga liderazgo en su propia bancada, que sería el punto de partido para luego posicionarse”, dijo en una entrevista en Tenemos que Hablar, el videopodcast de El Comercio.","Sun, 12 Jul 2026 17:48:00 +0000",https://elcomercio.pe/arc/outboundfeeds/rss/?outputType=xml,https://elcomercio.pe/politica/congreso/la-influencia-de-pedro-castillo-en-las-bancadas-para-el-congreso-bicameral-la-interna-de-juntos-por-el-peru-la-influencia-de-pedro-castillo-en-las-bancadas-para-el-congreso-bicameral-noticia/
"Gobierno, PSOE y Podemos cargan contra el “racismo” de Rajoy, que “avergüenza” a España","El comentario del expresidente del Gobierno Mariano Rajoy sobre que la selección de Francia de fútbol tiene ”un altísimo nivel, eso sí, sin franceses"" ha desatado las críticas del Ejecutivo, del PSOE y Podemos que han tachado sus palabras de “racistas” y “xenófobas” y le han acusado de “avergonzar” a España.

El presidente del Gobierno, Pedro Sánchez, ha replicado a Rajoy desde su cuenta de X a través de un mensaje en el que ha defendido que la pertenencia a un país no se mide por el apellido o el color de la piel y sí por el arraigo.

“España es de quien la ama y la trabaja. No de quien la avergüenza con declaraciones xenófobas”, ha subrayado Sánchez en respuesta al comentario del expresidente del Gobierno del PP en una columna publicada en El Debate tras la clasificación de España para las semifinales del Mundial en las que se enfrentará a Francia.

PUEDES VER: Imputan al exjefe de gabinete de Pedro Sánchez y expresidente de la empresa pública postal

Sánchez ha afeado a “quien todavía mide la pertenencia por el apellido, el lugar de nacimiento o el color de piel”, frente a otros que “la medimos por el arraigo a un país y la voluntad de contribuir a él. Jugando al fútbol. Cuidando a nuestros mayores. O abriendo negocios”.

“Francia, nos vemos en semifinales. Que gane el mejor y que pierda el racismo”, ha agregado Sánchez.

En la misma línea, el ministro de Asuntos Exteriores, José Manuel Albares, ha tildado de “hiriente y peligroso” el comentario de Rajoy y ha considerado que “no es España”.

“Hiriente y peligroso. Todo lo que encubra racismo y xenofobia es despreciable. No es España”, ha escrito en un mensaje en su cuenta de X.

El titular de Exteriores ha subrayado que “todos los franceses, sin distinción, son nuestros amigos, nuestros vecinos y socios” y ha advertido de que “el sabotaje del PP no impedirá el Tratado de Amistad con Francia”.

Por su parte, el ministro de Transportes, Oscar Puente, ha cargado con dureza contra Rajoy, al que ha calificado, también en un mensaje en X, de “zoquete postfranquista corrupto” y ha considerado lógico que “acabe siendo, de un modo u otro, racista”.

Para el PSOE es “vergonzoso” que un expresidente del Gobierno de España haga ese tipo de declaraciones “racistas y xenófobas, muy alineadas con los discursos que estamos empezando a escuchar en el Parlamento Europeo”.

Los socialistas han advertido, en redes sociales, de que esas manifestaciones “solo fomentan el odio y suponen una deriva muy preocupante que la derecha española empieza a asumir”.

LEE TAMBIÉN: La Fiscalía pide la absolución de la esposa del presidente del Gobierno español

También el portavoz y secretario de Organización de Podemos, Pablo Fernández, ha arremetido contra Rajoy. “Lo del PP y su racismo es absolutamente infame”, ha escrito en redes sociales.

Las declaraciones de Rajoy han causado indignación en el Gobierno francés y ha reaccionado a través de su ministro del Interior, Laurent Nuñez, que las ha calificado de “absolutamente inaceptables”.

“Si esa declaración es exacta, es absolutamente inaceptable. No refleja en absoluto lo que es Francia”, ha afirmado Nuñez en una entrevista en la televisión BMF TV al ser preguntado por las palabras del exjefe del Ejecutivo español.

El ministro ha defendido que Francia es “un país de diversidad, donde todo el mundo puede desarrollarse y encontrar su lugar”, y ha lamentado que este tipo de comentarios alimenten los ataques racistas contra los jugadores de la selección francesa, en particular contra su capitán, Kylian Mbappé.","Sun, 12 Jul 2026 17:45:39 +0000",https://elcomercio.pe/arc/outboundfeeds/rss/?outputType=xml,https://elcomercio.pe/mundo/espana/mariano-rajoy-gobierno-psoe-y-podemos-cargan-contra-el-racismo-de-rajoy-que-averguenza-a-espana-francia-ultimas-noticia/
"“Tengo que irme, pero no tengo los medios, no gano lo suficiente”: Mario León, Armandito de “1000 oficios”, busca un hogar tras denunciar una agresión","Durante años, Mario León vivió en la memoria del público como Armandito, el entrañable personaje de “1000 oficios”. Hoy, lejos de la televisión y de los escenarios, enfrenta una realidad dura: necesita encontrar un lugar donde pueda vivir sin miedo.

El actor denunció haber sido agredido por un vecino el martes 7 de julio, cuando regresaba de trabajar a la quinta de Lince donde alquila una habitación. Según su testimonio, el hombre —familiar del propietario del inmueble— le impidió el paso, lo insultó y posteriormente lo atacó con un objeto que no pudo identificar con claridad.

León sostiene que la agresión habría estado motivada por homofobia y que no se trataría de un episodio aislado. Afirma que desde el año pasado soporta comentarios ofensivos, hostigamiento y presiones para abandonar la vivienda.

“Ellos quieren que yo me vaya del cuarto. Desde el año pasado están hostigándome, insultándome”, señala. Mario asegura que se encuentra al día en el pago del alquiler y que nunca había tenido un enfrentamiento físico semejante.

Tras el ataque que le dejó con la frente rota, acudió ensangrentado a la comisaría de Lince para presentar la denuncia. Al día siguiente pasó por el médico legista y posteriormente fue atendido en una clínica debido a los dolores y al agotamiento que sentía. La investigación deberá determinar las circunstancias de lo ocurrido y las responsabilidades correspondientes.

Pero entre el forcejeo y la confusión hubo una pérdida que para él tiene un valor imposible de calcular. Mario afirma que su agresor se llevó una cadena con una medalla que había pertenecido a su madre, fallecida en el 2012.

“Yo tenía una cadena de oro que mi mamá me regaló antes de morir y se la ha llevado”, cuenta.

Vivir con miedo

El propietario del inmueble, según relata León, le ha comunicado que debe dejar la habitación porque no puede garantizarle que un episodio similar no vuelva a ocurrir. Mario entiende que necesita marcharse. El problema es que no tiene cómo hacerlo.

Actualmente percibe un sueldo aproximado de 2.200 soles. La mitad se destina al alquiler y el resto debe alcanzarle para su alimentación, transporte, servicios y demás gastos del mes. Conseguir una nueva habitación implica pagar una garantía, adelantar una mensualidad y asumir una mudanza que, por ahora, está fuera de sus posibilidades.

“Yo tengo que irme, pero no tengo los medios. Estoy mortificado porque no gano lo suficiente. Gracias a Dios tengo trabajo, que es lo más importante, y puedo subsistir, pero hace tiempo que no me dedico a la actuación”, explica.

Artistas como Titi Plaza y Cecilia Tosso se encuentran organizando una rifa para ayudarlo a reunir dinero. León también ha intentado comunicarse con el sindicato de artistas y con personas que podrían brindarle asesoría legal. Aunque reconoce que la difusión de su caso le ha permitido sentirse acompañado, asegura que todavía necesita apoyo concreto para trasladarse a un sitio seguro.

Después de Armandito

La historia de Mario León también revela el lado menos visible de la televisión: el de los actores que alguna vez alcanzaron popularidad, pero que después quedaron fuera de las producciones y tuvieron que reconstruir su vida lejos de los reflectores.

Han pasado más de veinte años desde su participación en “1000 oficios”. Desde entonces, asegura, no volvió a tener una oportunidad estable en la actuación. Tocó puertas, pidió ser considerado en nuevos proyectos y esperó llamadas que nunca llegaron.

Con el paso de los años tuvo que buscar trabajo fuera del mundo artístico. Hoy cumple una jornada regular, se sostiene con su salario y trata de organizar sus gastos para llegar a fin de mes. El teatro continúa siendo una promesa pendiente, una parte de su vida a la que espera regresar cuando las circunstancias se lo permitan.","Sun, 12 Jul 2026 17:21:04 +0000",https://elcomercio.pe/arc/outboundfeeds/rss/?outputType=xml,https://elcomercio.pe/tvmas/famosos/tengo-que-irme-pero-no-tengo-los-medios-no-gano-lo-suficiente-mario-leon-armandito-de-1000-oficios-busca-un-hogar-tras-denunciar-una-agresion-noticia/
"Un director del BCR, más de 500 ministros: dos formas de gobernar el Perú durante los últimos 20 años","En los últimos 20 años, el Perú cambió de ministro, en promedio, cada 15 días; y para Martín Cabrera, abogado especialista en gestión pública, esto representa el resultado de que los ministerios han comprometido su estabilidad a compromisos políticos de alguna índole. “Se han convertido en estamentos públicos susceptibles del copamiento por cuoteo o clientelismo político”, anotó.

Cabrera sostuvo que uno de los aciertos de la Constitución de 1993 fue otorgar autonomía constitucional a una institución como el BCR, lo que ha permitido alejar a la institución de los vaivenes políticos, lo que se complementa con la política de meritocracia implementada por el mismo BCR.

Lee también: Confianza renovada

En el 2022, en una entrevista concedida a El Comercio, el propio Velarde explicó cómo los profesionales que ingresan al BCR pasan por cursos de economía y finanzas, bajo un sistema meritocrático.

“El que alguien haya entrado al banco siendo primero en el curso no garantiza que vaya a ascender si después no muestra sus calidades a lo largo de su carrera. Hay gente que entró hace 30 años que no ha ascendido porque no ha mostrado las condiciones para seguir ascendiendo. A diferencia de lo que pasa en otras instituciones –y no voy a mencionarlas para no ofender– en las que se asciende, muchas veces, por años transcurridos”, dijo en aquella entrevista.

Martín Cabrera consideró que es momento de evaluar y sincerar el modelo de la Ley de Servicio Civil. “Servir se creó como el ente rector que suponía la formalización de los trabajadores, pero no cubre a todos las instituciones ni a todo el personal de las instituciones”, dijo.

Mayen Ugarte, docente del Departamento de Ciencias de la Gestión de la PUCP, apuntó que debería ingresar progresivamente todo el personal a la Ley Servir –sin concursos de por medio– y partir de esa base para determinar –a través de evaluaciones– los ascensos, remuneraciones y otros factores.","Sun, 12 Jul 2026 11:18:51 +0000",https://elcomercio.pe/arc/outboundfeeds/rss/?outputType=xml,https://elcomercio.pe/politica/gobierno/un-director-del-bcr-mas-de-500-ministros-dos-formas-de-gobernar-el-peru-durante-los-ultimos-20-anos-julio-velarde-banco-central-de-reserva-noticia/
"Sin planos, estudios de suelos ni supervisión profesional: así se construyó el 97% de casas en Perú","Los terremotos ocurridos recientemente en Venezuela han reavivado las dudas sobre la capacidad del Perú para enfrentar un sismo de gran magnitud. El más reciente informe del Grupo de Análisis para el Desarrollo (Grade) reveló que, de los 6,6 millones de viviendas existentes en el país, el 71% (4′686.000) han sido autoconstruidas.

Dentro de ese grupo, solo el 3% (140.580) de las viviendas autoconstruidas alcanza un nivel adecuado de calidad constructiva, lo que evidencia la alta vulnerabilidad del resto frente a sismos y otros fenómenos naturales.

Que una vivienda alcance un nivel adecuado de calidad constructiva significa que su proceso de edificación cumplió con prácticas aceptables, como contar con planos, supervisión profesional y estudios de suelo. Esto no implica que las viviendas que no reúnen estas condiciones colapsarán definitivamente durante un sismo; sin embargo, los especialistas consultados por El Comercio coinciden en que presentan un riesgo considerablemente mayor de sufrir daños.

Al segmentar el resultado por nivel socioeconómico, el informe muestra que solo el 11% (15.463) de las viviendas autoconstruidas del sector B alcanza un nivel adecuado de calidad constructiva. En el nivel C1, la proporción también es de 11% (15.463), mientras que en el C2 desciende a 4% (5.623) y en el D alcanza el 8% (11.246). El resto no cumple con buenas prácticas constructivas, lo que genera una alta incertidumbre sobre su resistencia ante un terremoto.

El estudio también revela que las ciudades con mayor número de viviendas autoconstruidas son Lima, con 69% (2’632.820); Piura, con 71% (173.585); Chiclayo, con 70% (144.327); y Trujillo, con 70% (235.442).

En relación con el financiamiento de la autoconstrucción, el 70% (3′280.200) de las familias financia la construcción de sus viviendas únicamente con sus ahorros, mientras que el 15% (702.900) combina ahorros y créditos, el 10% (468.600) lo hace solo con créditos y el 6% (281.160) utiliza otros medios. Cabe resaltar que las familias reúnen en promedio S/ 6.692 para ejecutar cada etapa de la construcción, que se divide en un total de 22 etapas.

Otro dato alarmante es que el 94% (4′405.000) de las familias contrata únicamente a un maestro de obra, de los cuales la mitad, es decir, el 50% (2′202.500), son familiares o amigos, y un tercio, aproximadamente el 33,3% (1′467.165), llega por recomendación de familiares o amigos.

Además, este tipo de viviendas puede permanecer hasta ocho años sin electricidad y hasta once años sin agua ni desagüe mientras continúa en proceso de construcción. Desde la adquisición u ocupación del terreno hasta la culminación de la vivienda transcurren, en promedio, 16 años.

La investigación también revela que el 73% (3′420.780) de las viviendas se construyó sin licencia de edificación. Pese a ello, solo el 4% (136.831) recibió una multa por no contar con esta autorización, lo que evidencia la falta de fiscalización por parte de las municipalidades.

Aunque estos resultados corresponden al 2024, El Comercio consultó esta semana al investigador de Grade Álvaro Espinoza, quien afirmó que el panorama continúa siendo el mismo en la actualidad.

En relación con la metodología del estudio, Espinoza explicó que “lo primero que hicimos fue utilizar la información de los censos de población y vivienda. A partir de ella, realizamos un análisis para identificar patrones, elaboramos una tipología de barrios y definimos una muestra con grupos focales en distintas zonas del Perú para conversar con personas que autoconstruyen sus viviendas y conocer sus experiencias”.

“Una vez concluido el análisis cualitativo, diseñamos la encuesta, que toma una muestra representativa a nivel nacional de distintos tipos de barrios, con diversas dinámicas socioeconómicas y constructivas previamente identificadas, lo que nos permite obtener resultados aplicables a la población en general”, agregó.

Contexto sísmico

El investigador señaló que estos datos son preocupantes ante “el terremoto que va a haber”. “En Venezuela, algunos de los edificios que colapsaron eran modernos o habían sido construidos de manera formal, algo que no ocurre en la mayoría de viviendas del Perú. La magnitud de la desgracia va a ser bastante más grande que en Venezuela porque las personas han construido sus casas como han podido, sin seguir ninguna práctica de edificación”, advirtió.

Espinoza señaló que se requiere asistencia técnica y, por ende, financiamiento para construir viviendas de manera óptima. “Necesitamos generar políticas para tratar de que la autoconstrucción sea mejor. Actualmente no existe financiamiento real para la autoconstrucción desde el sistema financiero. Mientras no haya productos financieros que permitan a la gente tener más recursos para construir su casa y pagarle a un experto, no hay mucho más que se pueda hacer”, opinó.

No solo existe un riesgo frente a un sismo, sino también ante eventuales huaicos e inundaciones provocados por el fenómeno de El Niño. Así lo advirtió Juan Manuel Arribas, director ejecutivo del frente empresarial ante desastres Hombro a Hombro. “En los desastres hemos visto cómo ocurren huaicos. En la desembocadura del río Chira, por ejemplo, un pueblo prácticamente desapareció porque se construyeron viviendas en una zona de pantano, muy cerca del río. Cuando ocurrió un fuerte sismo en Sullana, esas casas se desmoronaron”, relató.

“El hecho de que las construcciones se realicen sin criterio técnico, sin un profesional que supervise el proceso y sin que las municipalidades ejerzan su función de fiscalización para otorgar la conformidad de obra incrementa exponencialmente el riesgo frente a un desastre. Y no solo influye la forma en que se construye, sino también la calidad del suelo. Por ejemplo, las laderas de los cerros no son apropiadas para edificar; sin embargo, en los últimos años, debido a las migraciones, se han levantado viviendas en esos lugares”, señaló.

Ante ello, Arribas sostuvo que “las autoridades deben entender que vivimos sobre una cordillera formada por el choque de placas. Por ello, tenemos que fortalecer al Indeci. La entidad debería convertirse en una gran unidad con capacidad de liderazgo sobre los ministerios y asumir la conducción ante un desastre de gran magnitud, actuando de manera eficiente y con los recursos suficientes”.

Los errores

En cuanto a las deficiencias específicas que implican las viviendas autoconstruidas, el presidente del Capítulo de Ingeniería Civil del CIP Lima, Miguel Estrada, explicó a El Comercio que, en primer lugar, está la poca importancia que se le da a las condiciones de la infraestructura. “Prestar atención a eso nos permite hacer un diseño adecuado de la cimentación. Las edificaciones tienen que ser diseñadas y construidas bajo dirección técnica. Si no es así, es bastante claro que vamos a tener una edificación altamente vulnerable”, expresó.

Otro gran fallo es la baja calidad de los materiales o el mal uso de estos, principalmente en la calidad del concreto. “Este se mide por su resistencia. Entonces, si tenemos un concreto que, por abaratar costos, falta de fiscalización o mala práctica, lleva menos cemento del que debería tener, va a ser muy pobre y la vivienda sufrirá daños si ocurre un sismo”, dijo.

El tercer error es no colocar una cantidad adecuada de fierros en la infraestructura. “Cuando viene el sismo, se generan deformaciones. Para eso se coloca el fierro de refuerzo, sobre todo un fierro horizontal que soporta las fuerzas de tracción”, mencionó.

Finalmente, señaló que otro error frecuente es que un maestro de obra haga cálculos “al ojo”. “Ahí vamos a tener un problema, sobre todo en la cantidad de los materiales que se utilizarán, específicamente en el cemento, que es el material que más cuesta”, advirtió.

Como solución, Estrada exhortó a una mayor fiscalización por parte de las municipalidades locales durante el proceso de construcción de las edificaciones a fin de evaluar su nivel de vulnerabilidad.","Sun, 05 Jul 2026 22:33:47 +0000",https://elcomercio.pe/arc/outboundfeeds/rss/?outputType=xml,https://elcomercio.pe/lima/solo-el-3-de-las-viviendas-autoconstruidas-en-el-peru-alcanza-niveles-adecuados-de-seguridad-ante-sismos-noticia/
